wall_time,gain,lux_est,raw_R,raw_G,raw_B,raw_IR,raw_CLR1,raw_CLR2,cal_R,cal_G,cal_B,cal_IR,cal_CLR1,cal_CLR2
1779232421.728418,33.0,231.72157248999488,753088.5,837958.5,155991.7,7563066.0,928420.62,6981954.0,791.9671858136409,749.5286785204119,521.8071365059675,2934.375741600521,189.12192599786675,1415.4453382809102
1779232421.855166,33.0,231.00751668977574,753481.62,835376.31,155813.98,7579634.0,930449.69,6995714.5,792.3806008904705,747.2189872190065,521.212646130519,2940.803919972472,189.53525333907174,1418.2349922341466
1779232421.982937,33.0,230.88498023576065,752363.81,834933.19,156012.86,7531863.0,925957.69,6951082.0,791.2050832189428,746.8226297048504,521.8779187271269,2922.269364865853,188.62022013829858,1409.1866851182845
1779232422.109878,33.0,230.89637055111743,752278.44,834974.38,155450.92,7539732.5,927263.5,6960386.5,791.1153059369195,746.8594729211533,519.9981757517754,2925.322633196253,188.8862173564423,1411.0729781460004
1779232422.237457,33.0,230.87440292179136,751988.56,834894.94,155520.31,7541771.0,926166.06,6961240.5,790.8104606925378,746.7884162301336,520.2302919297653,2926.1135458961094,188.66266570108692,1411.2461088081177
1779232422.365313,33.0,230.75322976602124,753967.06,834456.75,155656.58,7542696.0,927669.12,6962349.0,792.891102047614,746.3964684527189,520.6861280959951,2926.472434415789,188.96884330633046,1411.4708340293787
1779232422.492614,33.0,231.23605303897276,754584.56,836202.75,155548.25,7581404.5,929444.25,6997871.0,793.5404808885337,747.9582129456701,520.3237538985366,2941.4908519985183,189.33044234588712,1418.6721775653593
1779232422.619563,33.0,231.22194995368037,752889.0,836151.75,156001.02,7565363.5,928822.19,6983021.5,791.7573864958053,747.9125949793811,521.8383127961946,2935.2671430858877,189.2037269512137,1415.6617516085566
1779232422.746805,33.0,231.05686089643405,754426.75,835554.75,156302.3,7589802.5,928109.06,6971632.5,793.3745238441845,747.3785964328222,522.8461231738398,2944.749171769622,189.05846033801973,1413.3528697457314
1779232422.874365,33.0,231.00371438736846,753508.44,835362.56,155423.83,7553712.5,927725.75,6972323.0,792.4088054904923,747.2066882575072,519.9075571141943,2930.746699688278,188.98037899870798,1413.4928541979468
1779232423.002858,33.0,231.0584841338981,752868.12,835560.62,155637.95,7537735.5,926683.94,6957065.5,791.7354285521642,747.383846971295,520.6238089664959,2924.547821981333,188.7681593328804,1410.3997147632238
1779232423.130849,33.0,231.28375465099114,751390.94,836375.25,155295.2,7530256.5,924832.88,6949600.5,790.1819881696059,748.112509008118,519.4772774777217,2921.6460628043765,188.39109313594736,1408.8863419380425
1779232423.257794,33.0,231.19213713749656,753173.88,836043.94,156018.8,7545867.0,926997.5,6965008.5,792.0569736119206,747.816162176526,521.8977885945036,2927.70274306001,188.8320323984268,1412.009992104204
1779232423.385752,33.0,231.37132928003524,753580.94,836691.94,155992.56,7566888.5,929054.81,6984186.0,792.4850483503574,748.3957786893739,521.8100132881128,2935.8588241588736,189.25111230810683,1415.8978296601206
1779232423.513118,33.0,231.62072436891086,755141.5,837593.81,155987.48,7587670.5,929699.12,7003184.5,794.1261732798887,749.2024742826487,521.7930202028817,2943.921982230209,189.38236009118566,1419.749378704891
1779232423.640152,33.0,231.493312671882,753940.31,837133.06,155767.44,7542921.0,927544.69,6961326.5,792.862971061388,748.7903472636756,521.056965385114,2926.559731623279,188.94349656074448,1411.263543511797
1779232423.768213,33.0,231.25041606348424,753100.44,836254.69,155913.84,7573567.0,930492.12,6990601.5,791.9797422239413,748.0046717136906,521.5466873689405,2938.4499992709616,189.5438964509838,1417.1984382816813
1779232423.895645,33.0,231.61097664819408,753481.62,837558.56,155625.25,7545146.5,927202.81,6963849.5,792.3806008904705,749.1709442177138,520.581326253418,2927.4231980022487,188.8738546304951,1411.7750290627591
1779232424.021765,33.0,231.33987386921152,753894.62,836578.19,156307.38,7572103.0,929382.56,6989808.5,792.814922285288,748.294032735151,522.8631162590709,2937.8819854408953,189.31787591709022,1417.0376740954298
1779232424.149138,33.0,231.3377141614442,754157.69,836570.38,156375.94,7587199.5,930193.75,7003680.0,793.0915734459046,748.2870469250192,523.092456007781,2943.7392400758636,189.48311763172404,1419.8498309801591
1779232424.276607,33.0,231.335535096501,752533.56,836562.5,155677.73,7543314.0,927477.94,6962171.0,791.3835966735925,748.2799985019926,520.7568768661996,2926.712210745694,188.9298993955282,1411.434748247345
1779232424.406068,33.0,231.11486329133757,753115.31,835764.5,155959.55,7544423.0,927869.38,6962945.5,791.9953798974062,747.5662115000596,521.6995916850656,2927.142488981721,189.00963683900787,1411.5917619450145
1779232424.532182,33.0,230.9874515943087,753066.69,835303.75,155907.92,7539907.0,927465.81,6959009.5,791.9442498581421,747.1540844810864,521.5268844034744,2925.3903370305056,188.92742847996155,1410.79382015802
1779232424.659927,33.0,231.305445749233,753080.56,836453.69,155206.33,7546013.5,927576.06,6964661.5,791.9588359059536,748.1826712292102,519.1799988390421,2927.7595832417755,188.94988671913904,1411.9396451021494
1779232424.787473,33.0,231.02948431910173,754180.5,835455.75,156389.47,7584369.5,930132.06,7001326.5,793.1155610270567,747.290043910026,523.1377151501388,2942.641235199438,189.47055120292717,1419.372708013774
1779232424.914914,33.0,231.12300436645538,753020.0,835793.94,156216.83,7562115.0,928580.44,6980544.0,791.895149456389,747.5925446947174,522.5602178599214,2934.0067654035315,189.15448178730298,1415.1594902322156
1779232425.042357,33.0,231.05604789504662,754408.88,835551.81,155743.73,7562392.0,928017.06,6980519.0,793.35573129376,747.3759666912362,520.9776531703836,2934.1142379656408,189.03971967584897,1415.1544220044018
1779232425.169763,33.0,231.594160792966,754317.5,837497.75,156183.83,7591001.0,929944.94,7007163.5,793.2596337415603,749.1165515014386,522.4498297078293,2945.21417489485,189.43243432569457,1420.5560378437249
1779232425.297686,33.0,231.33283891843038,753408.19,836552.75,155908.77,7540258.5,926528.12,6959094.5,792.3033800187478,748.2712774202021,521.5297277346646,2925.5267146679844,188.7364183548429,1410.8110521325866
1779232425.424648,33.0,230.83916180042542,752999.19,834767.5,156122.89,7558717.0,927734.88,6977139.0,791.8732651265436,746.674424982607,522.2459795869661,2932.688383576643,188.9822388057256,1414.4691976039846
1779232425.552677,33.0,230.88688000430886,753389.31,834940.06,155371.36,7544285.5,927958.38,6963084.5,792.2835253264135,746.8287747132506,519.7320399523679,2927.089140688255,189.0277663926296,1411.619941291659
1779232425.678374,33.0,231.3019199779099,754036.56,836440.94,156028.09,7553002.0,928348.81,6971624.0,792.9641900305191,748.171266737638,521.9288645318652,2930.471034506405,189.1072980962311,1413.3511465482748
1779232425.805213,33.0,231.5128440623565,753571.0,837203.69,155674.34,7544657.0,927108.75,6963944.0,792.4745951913635,748.853523674636,520.7455369923937,2927.23327807751,188.85469434045396,1411.794186963895
1779232425.932882,33.0,230.96007501697642,753487.62,835204.75,156214.28,7571575.0,929329.94,6988731.5,792.3869106443905,747.0655319582902,522.5516878663507,2937.6771279939862,189.30715707313993,1416.819334841214
1779232426.060365,33.0,231.1384541581277,753790.38,835849.81,156290.45,7572677.0,928694.75,6989740.5,792.705300827187,747.6425187295521,522.8064837919522,2938.1046903168913,189.1777670600502,1417.0238885157764
1779232426.187706,33.0,231.30057050621923,752324.12,836436.06,156269.3,7550413.0,927479.94,6968261.5,791.1633441967629,748.1669017243931,522.7357350217477,2929.4665346388906,188.93030680122754,1412.6694699073273
1779232426.315058,33.0,230.5808126350446,752885.0,833833.25,155862.22,7554400.0,928278.0,6972382.5,791.753179993192,745.8387664530883,521.3740135383044,2931.0134411556073,189.09287389744506,1413.5049165801433
1779232426.445299,33.0,231.21273870326684,754247.06,836118.44,155735.28,7556767.0,927951.31,6974557.5,793.1855572305411,747.8828001861049,520.949387113257,2931.9318077783987,189.02632621348235,1413.9458523999383
1779232426.573404,33.0,231.03598279957964,753934.31,835479.25,155425.53,7567621.0,928983.0,7001172.5,792.856661307468,747.3110639533161,519.9132437765749,2936.143025067701,189.23648440647113,1419.3414877304413
1779232426.700827,33.0,230.9557362442659,754064.38,835189.06,155949.39,7578855.5,929935.81,6995467.0,792.9934462561941,747.051497725132,521.6656055146034,2940.5018716345576,189.430574518677,1418.1848167787907
1779232426.828896,33.0,231.21382823573842,753136.19,836122.38,155708.2,7540813.5,926565.56,6960108.5,792.0173378410473,747.8863243976183,520.8588019266313,2925.742047779792,188.744044989535,1411.0166194527117
1779232426.956331,33.0,231.01863047404828,753914.5,835416.5,155733.58,7577857.0,929549.44,6994536.0,792.8358286032759,747.2549359653821,520.9437004508765,2940.114466027098,189.3518698486452,1417.996075975007
1779232427.083371,33.0,231.36970327726038,752889.0,836686.06,155781.83,7544996.0,927777.31,6963697.5,791.7573864958053,748.3905192062018,521.1051013096171,2927.364805870128,188.9908819176376,1411.7442142376517
1779232427.210291,33.0,231.1663837976283,753912.5,835950.81,156161.81,7602015.5,930881.56,7016379.5,792.8337253519693,747.7328601922027,522.3761707045243,2949.487664192162,189.6232264887641,1422.4243893449805
1779232427.338333,33.0,231.02867131771433,754894.31,835452.81,156378.47,7575029.0,929643.5,6991953.0,793.8662219346468,747.28741416844,523.1009190994414,2939.01723712585,189.37103013868634,1417.4724266772919
1779232427.465459,33.0,231.18318306099133,752786.75,836011.56,155520.31,7546846.5,926522.06,6965411.0,791.6498577727542,747.7871992402822,520.2302919297653,2928.0827769032817,188.73518391557383,1412.091590572005
1779232427.593162,33.0,231.3518172467366,754093.19,836621.38,155876.61,7544840.5,926635.38,6963067.0,793.023743591266,748.3326648913082,521.4221494628075,2927.3044738000626,188.75826752249984,1411.6163935321892
1779232427.720325,33.0,231.44533452877943,753617.62,836959.56,156460.56,7572575.5,929764.88,6988678.5,792.5236219793209,748.6351567313004,523.3755179905091,2938.065309576624,189.3957555905808,1416.8085901982488
1779232427.848044,33.0,230.865188906067,752881.06,834861.62,155980.7,7541688.5,926842.69,6960637.0,791.7490365881181,746.7586124921582,521.7703404552701,2926.0815369200295,188.80049716026747,1411.123761788694
1779232427.975410,33.0,231.67169181303325,753357.56,837778.12,155808.06,7551718.5,927400.06,6970930.5,792.2501362119208,749.3673340349372,521.1928431650528,2929.973052436125,188.91403501759495,1413.2105539087217
1779232428.103309,33.0,231.45183300925729,753519.38,836983.06,155925.7,7563529.0,929114.5,6980835.0,792.4203102751396,748.6561767745903,521.5863602017834,2934.5553798541555,189.26327133120438,1415.2184844039675
1779232428.230480,33.0,231.45943761407182,754108.06,837010.56,156131.34,7556460.0,927875.44,6974294.5,793.0393812647309,748.6807746975893,522.2742456440926,2931.812695588624,189.01087127827694,1413.892534643338
1779232428.357677,33.0,230.84864958192313,753207.62,834801.81,155395.06,7542494.5,927115.81,6960907.5,792.0924554614633,746.7051142458105,519.8113187161432,2926.3942549166372,188.85613248257275,1411.1786000136387
1779232428.485059,33.0,231.35045118318084,753424.06,836616.44,155956.16,7556184.0,928053.44,6974599.5,792.320069317866,748.3282462098676,521.6882518112598,2931.7056110141034,189.04713038552038,1413.9543670226656
1779232428.613029,33.0,231.22575225608762,753582.88,836165.5,156104.27,7575436.5,930656.0,6992559.5,792.4870885041248,747.9248939408806,522.183693908422,2939.1753420683035,189.57727927398972,1417.5953818840533
1779232428.739071,33.0,231.20650016200807,753361.5,836095.88,156060.27,7541734.5,927287.75,6960176.0,792.2542796169948,747.8626209445465,522.0365097056325,2926.0993843491165,188.89115715054712,1411.0303036678088
1779232428.866254,33.0,231.3396139299924,754320.5,836577.25,156583.28,7618605.5,931830.31,7033304.0,793.2627886185203,748.2931919334194,523.7860281124708,2955.924378291067,189.81648956740023,1425.8554782103233
1779232428.993275,33.0,230.99505619912324,753180.88,835331.25,155881.69,7541349.5,926810.38,6959842.0,792.0643349914938,747.1786824040853,521.4391425480387,2925.9500091274117,188.79391552119424,1410.9625921442173
1779232429.121535,33.0,231.13086891048903,753621.62,835822.38,156323.47,7544378.0,927966.5,6963689.0,792.5278284819341,747.6179834194479,522.9169388459546,2927.125029540223,189.029420459769,1411.7424910401949
1779232429.249087,33.0,231.29569802851623,752851.25,836418.44,156029.8,7543905.0,926356.19,6962205.5,791.7176876273928,748.1511411642753,521.9345846452009,2926.9415114107,188.70139572389698,1411.4417424017279
1779232429.375975,33.0,231.2745434005776,754670.94,836341.94,155952.78,7557174.5,927988.75,6975507.0,793.6313203124665,748.0827142148418,521.6769453884091,2932.089912720852,189.03395284817444,1414.138343692304
1779232429.502790,33.0,231.6901336710362,754813.88,837844.81,156549.42,7552048.5,928558.19,6969729.5,793.7816396833509,749.4269862343846,523.6727631782334,2930.1010883404433,189.14994939889755,1412.9670762445498
1779232429.629930,33.0,231.28349471177208,754210.31,836374.31,156082.27,7567121.5,928539.0,6984723.5,793.146909987782,748.1116682063864,522.1101018070273,2935.949225267074,189.14604034121217,1416.0067965581159
1779232429.757276,33.0,231.33472209511356,752896.94,836559.56,156298.08,7551219.0,927848.12,6969018.5,791.7657364034925,748.2773687604066,522.8320068707541,2929.779252635498,189.0053061164236,1412.8229358455271
1779232429.885908,33.0,231.07773899328848,753883.69,835630.25,156268.45,7563133.5,929064.94,6980988.0,792.8034280168973,747.4461289123284,522.7328916905576,2934.4019307627677,189.2531758179741,1415.2495019581875
1779232430.013751,33.0,230.82236253706242,753879.75,834706.75,155697.19,7556619.5,928821.19,6974960.0,792.7992846118234,746.6200859345275,520.8219724249786,2931.8745796090448,189.203523248364,1414.0274508677396
1779232430.141491,33.0,231.0329934985598,753677.19,835468.44,156083.95,7559189.5,928611.81,6976369.0,792.5862673194886,747.3013947334026,522.1157215674975,2932.871707712371,189.16087194569755,1414.3130961873217
1779232430.269108,33.0,231.5559469624453,754280.81,837359.56,156155.89,7574114.0,930196.81,6990851.0,793.2210495963404,748.9929447021941,522.3563677390581,2938.6622284820587,189.4837409624441,1417.2490191952625
1779232430.396451,33.0,231.77309299628558,755056.12,838144.81,156368.31,7571295.0,929894.38,6988011.0,794.036385481609,749.6953272125548,523.0669329289791,2937.56849146911,189.42213510961466,1416.673268515622
1779232430.523701,33.0,231.525304553009,754480.31,837248.75,156459.72,7581514.5,929878.19,6998401.0,793.430848914176,748.8938284895572,523.3727081102741,2941.5335306332913,189.4188371604783,1418.7796239950105
1779232430.651006,33.0,231.18698536339858,753021.0,836025.31,155847.84,7559458.5,927948.25,6977139.0,791.8962010820424,747.7994982017817,521.3259110647564,2932.97607637377,189.02570288276232,1414.4691976039846
1779232430.778847,33.0,230.89284201448345,752916.75,834961.62,156099.19,7540996.0,926240.88,6960518.5,791.7865691076847,746.8480594848817,522.1667008231908,2925.812855514756,188.67790674830013,1411.099738388857
1779232430.906516,33.0,231.53263262673934,754163.62,837275.25,156282.84,7614219.0,932171.19,7028663.5,793.0978095860288,748.9175319426289,522.7810276150607,2954.2224707326072,189.88592779479993,1424.9147137635375
1779232431.033431,33.0,231.50254327947135,753374.44,837166.44,155765.75,7554195.0,928866.69,6972212.5,792.2678876529486,748.8202046698465,521.0513121736886,2930.933903699895,189.21279172802457,1413.47045263101
1779232431.160563,33.0,231.46539962424637,754377.06,837032.12,155955.31,7580598.5,930607.44,6997050.0,793.3222685654716,748.7000594692205,521.6854084800696,2941.178134001911,189.56738746360915,1418.5057369639565
1779232431.288599,33.0,231.62100089999504,755604.12,837594.81,156519.81,7586642.5,930632.75,7002157.0,794.6126763396236,749.203368752576,523.5737148999472,2943.523130988878,189.57254318273462,1419.5410745417462
1779232431.415190,33.0,231.6920362048952,755326.12,837851.69,155846.14,7564565.5,928267.88,6981784.0,794.320324408003,749.4331401874839,521.320224402376,2934.9575289899913,189.09081242460627,1415.4108743317768
1779232431.541412,33.0,231.6969086825982,755184.19,837869.31,156408.94,7562624.5,928575.38,6980544.0,794.1710671790286,749.4489007476018,523.202844159873,2934.2044450800468,189.1534510508836,1415.1594902322156
1779232431.670138,33.0,231.62425014023395,755229.88,837606.56,156826.17,7624044.5,933342.5,7037690.0,794.2191159551284,749.213878774221,524.5985183628235,2958.0346427867844,190.1245269796614,1426.744648097965
1779232431.796935,33.0,231.64784377233488,754008.81,837691.88,156048.41,7562326.5,928648.19,6979709.0,792.9350074186398,749.2901949484126,521.9968368727898,2934.0888247785715,189.16828265536898,1414.9902114232368
1779232431.924788,33.0,231.62181390138247,755033.31,837597.75,155562.62,7556767.0,927510.31,6974116.5,794.012397900457,749.205998494162,520.3718229211294,2931.9318077783987,188.93649325677242,1413.8564488613042
1779232432.052154,33.0,231.5578329044393,756812.25,837366.38,156411.48,7586929.5,930952.38,7003424.0,795.8831768401584,748.9990449870978,523.2113407024887,2943.634483426876,189.6376527245786,1419.7979323273464
1779232432.179567,33.0,231.5402206396888,755561.44,837302.69,156023.88,7596010.5,931028.25,7012567.5,794.5677929567402,748.9420761974322,521.9147816797348,2947.1577987211595,189.65310765978398,1421.651585967942
1779232432.306735,33.0,231.92734480034346,754771.19,838702.62,155548.25,7559579.0,928793.88,6977172.5,793.736745784211,750.1942714826654,520.3237538985366,2933.0228288782255,189.19796012353922,1414.475989029255
1779232432.434764,33.0,231.6204671950026,753334.75,837592.88,156432.64,7569806.0,929073.06,6987105.0,792.2261486307688,749.2016424256163,523.2821229236482,2936.990777949323,189.25482988511354,1416.4895959396524
1779232432.562055,33.0,231.18345959207548,754078.25,836012.56,155323.12,7550164.0,928046.38,6968063.0,793.0080323040056,747.7880937102094,519.5706725445825,2929.3699257292687,189.04569224340165,1412.629228178486
1779232432.688002,33.0,231.2211369522929,752959.44,836148.81,155406.06,7544340.5,928113.12,6963119.0,791.8314630068245,747.9099652377951,519.8481147668406,2927.1104800056414,189.05928737158945,1411.626935446042
1779232432.815445,33.0,231.50307974977468,753128.25,837168.38,155841.06,7566446.0,929458.44,6983559.0,792.00898793336,748.8219399415054,521.3032313171448,2935.6871396508104,189.3333328893241,1415.7707185065522
1779232432.942455,33.0,231.3491017114901,753564.06,836611.56,156010.33,7595490.5,932258.19,7012087.5,792.4672969093295,748.3238811966228,521.8694556354666,2946.956045174961,189.9036499427223,1421.5542759939183
1779232433.070622,33.0,230.90314556267944,753745.69,834998.88,156546.05,7581079.0,931174.88,6997528.5,792.6583036767404,746.8813874343705,523.6614902063378,2941.36456203835,189.6829766086329,1418.6027428443113
1779232433.197456,33.0,231.39220737688967,755102.75,836767.44,156111.89,7624630.5,932371.5,7039792.5,794.085422785823,748.46331116888,522.2091835362687,2958.262003513846,189.92673151261982,1427.1708860571002
1779232433.324653,33.0,231.345575940167,754632.25,836598.81,156270.98,7568631.5,928576.38,6986533.0,793.59063291594,748.3124767050506,522.741354782218,2936.5350865262267,189.1536547537333,1416.373634887274
1779232433.452323,33.0,231.24201504914737,753493.56,836224.31,156103.42,7570898.5,929858.94,6988695.0,792.3931573007711,747.9774977173013,522.1808505772318,2937.414654390134,189.4149158806219,1416.811935228606
1779232433.580540,33.0,231.18237005960384,755039.25,836008.62,156155.05,7605450.5,933103.81,7020545.0,794.0186445568377,747.7845694986961,522.353557858823,2950.8204015598376,190.07590514647072,1423.268857463305
1779232433.708255,33.0,231.69447244374672,754121.94,837860.5,156042.48,7551356.5,928502.56,6969593.5,793.0539778287987,749.4410204675429,521.9770004563685,2929.832600928964,189.13861740936974,1412.9395050852431
1779232433.836230,33.0,231.51744000897537,754051.5,837220.31,155848.69,7555101.5,928294.19,6973100.0,792.9799013177795,748.8683897648267,521.3287543959467,2931.2856144491807,189.09617184658143,1413.6503747183976
1779232433.963562,33.0,231.4480500640259,754420.75,836969.38,155829.22,7577141.5,929445.25,6993936.5,793.3682140902647,748.6439404259858,521.2636253862124,2939.836860907281,189.3306460487368,1417.8745398720337
1779232434.090873,33.0,231.20622363092392,754590.5,836094.88,156122.05,7563827.0,929418.94,6981869.0,793.5467275449142,747.8617264746193,522.2431697067309,2934.6710001556307,189.32528662676165,1415.4281063063436
1779232434.217789,33.0,231.43828298613323,753870.81,836934.06,155655.72,7551022.0,927584.12,6968764.5,792.7898830784828,748.6123477481559,520.6832513138496,2929.702819080496,188.95152856410746,1412.7714426509397
1779232434.348126,33.0,231.33581162758517,753269.19,836563.5,155833.45,7553186.5,931365.06,7002004.0,792.1572040529376,748.2808929719199,521.2777751402533,2930.5426182165465,189.7217168165855,1419.5100569875262
1779232434.475386,33.0,231.65517184606526,754614.38,837718.38,156490.19,7600437.0,932565.69,7015668.0,793.5718403655153,749.3138984014843,523.4746331707057,2948.875225783173,189.96628856899963,1422.2801475814015
1779232434.603051,33.0,231.62371366993068,754262.94,837604.62,155901.16,7578763.0,930319.19,6995374.0,793.2022570459156,749.2121435025621,521.504271557773,2940.46598278259,189.5086701171882,1418.1659629713236
1779232434.730490,33.0,231.40223162869063,754969.75,836803.69,156561.28,7589368.0,929949.0,7005708.5,793.9455565739325,748.4957357037423,523.7124360110761,2944.5805911622697,189.4332613592643,1420.2610669849655
1779232434.857998,33.0,231.4588845519035,754318.5,837008.56,156132.2,7580857.5,930359.62,6996820.0,793.2606853672137,748.6789857577348,522.2771224262381,2941.278622787421,189.51690582340086,1418.45910926807
1779232434.983244,33.0,231.4681151594929,754741.44,837041.94,156078.03,7602405.0,931310.44,7017202.5,793.705459921025,748.7088431639058,522.0959186020312,2949.638785358016,189.71059056693585,1422.5912354046086
1779232435.112353,33.0,231.22086042120878,753825.12,836147.81,156069.56,7554195.0,928309.38,6972212.5,792.7418343023829,747.9090707678679,522.0675856429942,2930.933903699895,189.0992660928681,1413.47045263101
1779232435.240060,33.0,231.65814178990917,756242.44,837729.12,157253.56,7629329.0,934207.31,7042051.5,795.2839500266451,749.3235050085028,526.0281787362362,2960.084963200025,190.30069124109522,1427.6288511223493
1779232435.367542,33.0,231.2780691719007,754692.75,836354.69,156397.09,7584815.5,930370.75,7000993.5,793.6542562679654,748.0941187064141,523.1632047779854,2942.814277664062,189.51917303611782,1419.305199219295
1779232435.494018,33.0,231.59253755550193,755481.0,837491.88,156613.75,7611626.0,931695.81,7025225.0,794.4832001891879,749.1113009629657,523.8879531729025,2953.2164189147375,189.78909153411797,1424.2176297100364
1779232435.621340,33.0,231.0536116561951,753258.25,835543.0,155855.45,7555368.5,928466.12,6973347.5,792.1456992682904,747.3680864111773,521.351367241648,2931.389207135402,189.13119447752732,1413.7005501737535
1779232435.749148,33.0,231.2227629550678,754170.62,836154.69,156182.97,7558432.0,928249.69,6975607.5,793.1051709656019,747.9152247209671,522.446952925684,2932.5778071138225,189.08710706977055,1414.1587179681153
1779232435.876330,33.0,231.48544812784834,753262.25,837104.62,156057.72,7560890.5,928861.62,6977872.5,792.1499057709037,748.764908538945,522.0279797120619,2933.531674600993,189.21175895457668,1414.6178994080396
1779232436.003675,33.0,231.44505799769527,753975.06,836958.56,156084.8,7563670.5,928713.94,6981707.5,792.8995150528405,748.6342622613731,522.1185648986876,2934.6102800979766,189.18167611773558,1415.3953655546668
1779232436.129040,33.0,231.350727714265,754562.75,836617.44,156307.38,7563652.5,927831.94,6980691.5,793.5175449330349,748.3291406797948,522.8631162590709,2934.6032963213775,189.00201020431575,1415.1893927763165
1779232436.256569,33.0,231.207863460253,753907.5,836100.81,156315.0,7563602.0,928959.75,6981161.0,792.8284672237028,747.8670306812878,522.8886058869176,2934.583702948141,189.231748315216,1415.2845740946586
1779232436.385256,33.0,231.50822875856184,754606.44,837187.0,155956.16,7561716.5,928692.75,6978650.5,793.563490457828,748.8385949715505,521.6882518112598,2933.8521523493773,189.17735965435082,1414.7756226576032
1779232436.511530,33.0,231.75112813227037,754981.69,838065.38,155708.2,7591779.5,929867.06,7006890.0,793.958112984233,749.6242794662346,520.8588019266313,2945.516223232765,189.41656994776133,1420.5005914314427
1779232436.639102,33.0,231.64703077094742,755387.69,837688.94,155982.41,7578937.5,930529.56,6995510.0,794.3850729994774,749.2875652068265,521.7760605686058,2940.5336866168427,189.5515230856759,1418.1935341306303
1779232436.766547,33.0,231.70124745530873,753371.44,837885.0,156128.81,7557693.5,928924.38,6975968.0,792.2647327759887,749.4629349807601,522.2657825524323,2932.291278279462,189.22454334542275,1414.2318018131893
1779232436.894426,33.0,231.1048390395366,753315.88,835728.25,156375.94,7569705.5,929360.31,6986524.5,792.2063044546908,747.5337869651974,523.092456007781,2936.9517851966443,189.3133435286848,1416.3719116898174
1779232437.021342,33.0,231.27671970021004,754125.94,836349.81,156033.17,7550655.0,927747.0,6968481.0,793.058184331412,748.0897536931692,521.9458576170964,2929.5604276353906,188.98470768426373,1412.7139689475318
1779232437.148674,33.0,231.5147272390397,753618.62,837210.5,155830.91,7551100.5,929305.69,6968849.5,792.5246736049742,748.8596150148405,521.2692785976377,2929.73327610622,189.30221727903512,1412.7886746255062
1779232437.276098,33.0,231.600935804528,754273.88,837522.25,156017.09,7569732.5,929653.62,6987312.0,793.2137618305629,749.1384660146558,521.8920684811679,2936.9622608615427,189.37309161152513,1416.53156086595
1779232437.404487,33.0,231.636193517759,754731.5,837649.75,155899.47,7551792.0,927064.25,6969522.5,793.6950067620312,749.2525109303782,521.4986183463477,2930.001569523905,188.8456295636431,1412.925111318252
1779232437.532549,33.0,231.28458424424366,753991.94,836378.25,155598.17,7557542.0,928373.06,6975311.0,792.9172664938683,748.1151924178997,520.4907410667922,2932.232498159752,189.11223789033588,1414.0986087862443
1779232437.659519,33.0,231.12787684415838,753832.06,835811.56,155464.45,7544515.5,926572.62,6962784.0,792.749132584417,747.6083052548353,520.0434348941332,2927.178377833689,188.74548313165377,1411.5590211933377
1779232437.787395,33.0,231.65299278112204,753449.88,837710.5,156001.86,7549536.0,927201.81,6967647.5,792.3472222922345,749.3068499784576,521.8411226764297,2929.126269523475,188.87365092764543,1412.5449942322218
1779232437.915033,33.0,231.2460772907737,753045.81,836239.0,156217.67,7557303.0,928636.06,6975036.5,791.9222919145011,747.9906374805323,522.5630277401565,2932.1397691260186,189.16581173980234,1414.0429596448496
1779232438.042550,33.0,231.49630473821264,753479.69,837143.88,156373.39,7564065.5,929146.88,6981322.0,792.3785712529597,748.8000254282881,523.0839260142103,2934.7635351955696,189.2698672294771,1415.317213481779
1779232438.170037,33.0,231.43828298613323,753450.88,836934.06,155764.89,7571918.0,929311.75,6990071.5,792.3482739178878,748.6123477481559,521.0484353915433,2937.8102077369595,189.30345171830422,1417.0909918520301
1779232438.297559,33.0,231.00616998339584,754057.44,835371.44,155627.8,7566112.0,928692.75,6983177.5,792.9861479741602,747.2146311504608,520.5898562469887,2935.557551796137,189.17735965435082,1415.6933773501144
1779232438.424579,33.0,231.2032481564583,753587.88,836084.12,156001.02,7572769.0,929780.06,6989851.5,792.4923466323914,747.8521019782023,521.8383127961946,2938.1403851750647,189.39884779983896,1417.0463914472693
1779232438.552916,33.0,231.1628580263052,754107.06,835938.06,155775.91,7565919.0,928234.5,6983021.5,793.0383296390776,747.7214557006305,521.0852983441509,2935.4826701914903,189.08401282348387,1415.6617516085566
1779232438.679828,33.0,231.56272197400733,754179.56,837384.06,155731.05,7565011.0,929674.88,6982672.5,793.1145724989426,749.0148592154113,520.9352373592161,2935.1303774608205,189.37742233410935,1415.590999148277
1779232438.806960,33.0,231.09941073435445,753565.06,835708.62,155850.38,7570361.5,928439.88,6988148.5,792.468348534983,747.5162285205257,521.334407607372,2937.206305054925,189.12584931475166,1416.7011437685976
1779232438.934969,33.0,231.8424857065459,754785.12,838395.75,156062.8,7585029.0,930193.75,7001129.5,793.7513949295617,749.9197854960951,522.044972797293,2942.89711301428,189.48311763172404,1419.3327703786017
1779232439.062377,33.0,231.0679746807066,753936.31,835594.94,155690.42,7542576.5,927412.19,6961541.0,792.8587645587747,747.4145451791977,520.7993261283223,2926.4260698989224,188.91650593316157,1411.3070289064387
1779232439.189850,33.0,230.77139509294,753679.19,834522.44,155765.75,7559142.5,929056.88,6977258.5,792.5883705707952,746.4552261822389,521.0513121736886,2932.8534722956956,189.25153397300568,1414.4934237329344
1779232439.317337,33.0,231.14956794240027,753963.12,835890.0,156199.91,7562022.5,929851.88,6980459.0,792.8869586425399,747.6784674759275,522.5036188437579,2933.9708765515634,189.41347773850316,1415.1422582576488
1779232439.444930,33.0,231.18102335322396,754545.88,836003.75,156405.55,7582692.0,930473.94,6998488.0,793.4998040082635,747.7802134301504,523.1915042860671,2941.990386019154,189.54019313317656,1418.7972614278024
1779232439.572502,33.0,231.12977937801742,753977.0,835818.44,155910.47,7554896.5,928421.62,6972868.5,792.9015552066079,747.6144592079346,521.5354143970451,2931.2060769934683,189.12212970071644,1413.6034429288425
1779232439.698624,33.0,231.35560019196797,753446.88,836635.06,156258.3,7582387.0,929370.44,6998777.0,792.3440674152746,748.3449012399128,522.6989389710503,2941.872049804557,189.31540703855205,1418.8558501413293
1779232439.825627,33.0,231.53560533589413,754709.69,837286.0,156000.17,7576262.5,930101.69,6992602.5,793.6720708065324,748.9271474943467,521.8354694650044,2939.495819816688,189.4643647473823,1417.6040992358928
1779232439.952916,33.0,231.44913683118668,755223.88,836973.31,156397.09,7596594.5,931433.81,7012335.0,794.2128062012085,748.6474556927999,523.1632047779854,2947.3843834730437,189.73572138750117,1421.6044514492744
1779232440.080179,33.0,231.76033938268387,755442.31,838098.69,155979.86,7578652.5,929525.19,6995261.0,794.4425127926613,749.6540742595107,521.7675305750349,2940.4231101540227,189.3469300545404,1418.1430545816054
1779232440.207424,33.0,231.61693865836864,753672.25,837580.12,156011.17,7562032.5,929352.19,6979188.0,792.5810722887613,749.1902289893449,521.8722655157018,2933.9747564274517,189.31168946154534,1414.8845895555985
1779232440.334714,33.0,231.4588845519035,754730.5,837008.56,156397.09,7571676.5,930024.81,6988354.5,793.6939551363779,748.6789857577348,523.1632047779854,2937.7165087342537,189.44870407229874,1416.742905965783
1779232440.463535,33.0,230.90342209376362,754168.62,834999.88,156030.64,7553731.5,927926.0,6971777.0,793.1030677142953,746.8822819042977,521.937394525436,2930.754071452466,189.02117049435688,1413.3821641024947
1779232440.591403,33.0,231.3659009748531,754554.81,836672.31,155984.94,7600371.5,931725.12,7015839.0,793.5091950253477,748.3782202447023,521.7845236602661,2948.8498125961037,189.79506206464214,1422.3148142596476
1779232440.718753,33.0,231.16610726654417,754091.19,835949.81,156221.06,7548029.5,928588.56,6966997.5,793.0216403399594,747.7319657222755,522.5743676139623,2928.5417662208833,189.15613585444243,1412.4132203090649
1779232440.846239,33.0,231.09941073435445,753669.25,835708.62,155567.7,7549450.5,928323.5,6967833.5,792.5779174118013,747.5162285205257,520.3888160063606,2929.093096584629,189.10214237710562,1412.5827018471562
1779232440.973659,33.0,230.97824034389518,754459.5,835270.44,156147.44,7558024.5,928898.06,6975772.0,793.4089645843305,747.1242896878101,522.3281016819315,2932.419702171369,189.21918188641914,1414.1920669071296
1779232441.101050,33.0,231.54590611877927,754918.12,837323.25,156401.33,7586234.0,931478.38,7001240.5,793.8912611414521,748.9604664991361,523.1773879829815,2943.3646380588357,189.74480042351152,1419.3552733100946
1779232441.228778,33.0,231.0156577648935,753422.06,835405.75,155744.59,7550422.0,927870.38,6968985.0,792.3179660665594,747.2453204136643,520.9805299525291,2929.47002652719,189.00984054185756,1412.8161444202567
1779232441.355967,33.0,231.2013483879101,754616.31,836077.25,156609.52,7600186.0,931502.62,7014143.5,793.5738700030263,747.8459569698022,523.8738034188616,2948.7778408983736,189.7497381805878,1421.97108704932
1779232441.483401,33.0,231.2796924093648,754871.5,836360.56,155853.77,7549519.0,928623.94,6967407.0,793.8422343534947,748.099369244887,521.3457474811778,2929.119673734465,189.16334286126417,1412.4962378806538
1779232441.609183,33.0,231.92923074233744,754875.44,838709.44,156029.8,7578012.5,930059.25,6994696.5,793.8463777585687,750.2003717675691,521.9345846452009,2940.174798097163,189.4557195984418,1418.0286139975713
1779232441.737193,33.0,232.23151240105958,756471.75,839802.56,156504.58,7609750.5,932269.31,7023441.5,795.5250983052059,751.1781347344277,523.5227690952088,2952.488748191862,189.9059151184108,1423.8560623378046
1779232441.866229,33.0,231.56000920407166,754305.62,837374.25,155862.22,7551504.0,926842.69,6969771.5,793.247140428799,749.0060844654251,521.3740135383044,2929.8898290983184,188.80049716026747,1412.9755908672769
1779232441.993727,33.0,231.38135353183623,755140.5,836728.19,156120.34,7553355.5,927939.19,6970906.5,794.1251216542354,748.4282032242361,522.2374495933952,2930.608188119061,189.02385733494418,1413.2056884100205
1779232442.120932,33.0,231.57329928797662,754783.12,837422.31,156028.09,7607911.0,931950.69,7022283.5,793.7492916782551,749.0490726901281,521.9288645318652,2951.7750450221856,189.84101131644496,1423.6213020254722
1779232442.249328,33.0,231.3485486493218,756424.12,836609.56,155796.22,7565649.5,929246.0,6982801.5,795.4750093753387,748.3220922567683,521.1532372341203,2935.3781075362967,189.2900582559376,1415.6171512037959
1779232442.376957,33.0,231.493312671882,754877.44,837133.06,155912.16,7569844.0,929520.12,6987219.0,793.8484810098753,748.7903472636756,521.5410676084704,2937.005521477699,189.34589728109253,1416.5127070584829
1779232442.504716,33.0,231.7221255521632,755484.0,837960.5,155702.27,7566295.5,929445.25,6983876.5,794.4863550661478,749.5304674602663,520.8389655102097,2935.6287475186896,189.3306460487368,1415.8350849997864
1779232442.632031,33.0,231.59578403043002,756178.88,837503.62,156673.83,7602654.5,932166.12,7016987.5,795.2171087001207,749.1218020399115,524.0889265116203,2949.7355882614324,189.88489502135207,1422.5476486454106
1779232442.759580,33.0,231.93871852383515,754764.25,838743.75,155905.39,7561476.5,928719.0,6978503.0,793.7294475021771,750.2310610307726,521.518421311814,2933.7590353280552,189.182706854155,1414.745720113502
1779232442.886948,33.0,231.44072199029557,756011.12,836942.88,156040.8,7594349.5,932352.25,7009518.5,795.0406879805212,748.6202369729141,521.9713806958982,2946.513351336091,189.92281023276342,1421.0334649037788
1779232443.014208,33.0,231.8893936743527,755403.56,838565.38,156322.61,7582461.0,930848.19,6998872.0,794.4017622985955,750.0715144298518,522.9140620638092,2941.900760886131,189.61642892467017,1418.8751094070215
1779232443.142037,33.0,231.616128422292,756081.62,837577.19,155751.36,7570685.0,930034.94,6988414.5,795.1148275890796,749.187608192458,521.0031762491855,2937.331819039916,189.45076758216598,1416.7550697125357
1779232443.269295,33.0,232.2038592926431,756599.81,839702.56,156994.58,7644408.5,935325.0,7057001.0,795.659769486369,751.0886877417042,525.1618658989998,2965.935622045983,190.5283678791567,1430.659549990407
1779232443.397224,33.0,231.953634610515,755707.38,838797.69,156410.62,7580801.0,930746.06,6996297.5,794.7212672045845,750.2793087386476,523.2084639203431,2941.2567014886517,189.59562475263212,1418.353183306763
1779232443.524376,33.0,231.9859030227262,755931.69,838914.38,156470.72,7574027.5,929554.5,6991063.5,794.9571573548786,750.3836844344565,523.4095041609714,2938.6286675556235,189.35290058506462,1417.2920991316792
1779232443.650858,33.0,231.8441089440099,755718.25,838401.62,156094.11,7568380.0,929044.69,6985346.0,794.7326983754359,749.9250360345679,522.1497077379597,2936.4375076476326,189.24905083526804,1416.132995430678
1779232443.778563,33.0,231.7375781091463,755153.44,838016.38,155711.58,7580227.0,930501.25,6997237.5,794.1387296901892,749.5804504398002,520.8701083494818,2941.0339966126558,189.54575625800138,1418.5437486725593
1779232443.907187,33.0,231.77525270405292,755065.06,838152.62,156485.11,7592680.0,931076.81,7008225.5,794.0457870149497,749.7023130226866,523.4576400854745,2945.8656060565177,189.66299947016458,1420.7713361612525
1779232444.032571,33.0,231.85549925936667,755112.69,838442.81,156211.75,7597829.0,932419.0,7013741.5,794.0958759448168,749.9618792508708,522.5432247746903,2947.8633541514705,189.93640739797974,1421.8895899460751
1779232444.159937,33.0,231.88721460940948,755243.75,838557.5,156124.58,7575446.5,929931.81,6991884.5,794.2337020029398,750.0644660068252,522.2516327983914,2939.179221944192,189.42975970727827,1417.4585397330823
1779232444.287681,33.0,231.25503136727897,754748.38,836271.38,156370.86,7580578.5,929652.62,6997033.0,793.712758203059,748.0196004167761,523.0754629225498,2941.170374250134,189.37288790867544,1418.502290569043
1779232444.416691,33.0,231.27481993166177,755434.38,836342.94,157031.83,7619804.5,932621.31,7033013.0,794.4341734012305,748.083608684769,525.2864707070431,2956.38957541009,189.97761852149898,1425.7964840385714
1779232444.543673,33.0,231.63862975661053,756705.06,837658.56,156530.81,7601253.0,932823.62,7016139.5,795.77045308638,749.2603912104372,523.6105109506444,2949.191823655669,190.0188296450182,1422.3757343579687
1779232444.670915,33.0,232.10246087470156,755377.75,839335.88,156496.95,7587866.0,932360.38,7003774.0,794.3746198404835,750.7607035087859,523.4972460164071,2943.9978338038277,189.92446633693135,1419.8688875167386
1779232444.798484,33.0,231.50173027808395,755578.31,837163.5,155776.75,7558821.5,929410.88,6976497.0,794.5855338815117,748.8175749282605,521.088108224386,2932.728928279677,189.32364478179323,1414.339045513728
1779232444.925910,33.0,232.0271061542667,754585.56,839063.38,155887.61,7569592.0,928916.25,6986978.0,793.541532514187,750.5169604536145,521.4589455135049,2936.9077486053106,189.22288724125482,1416.4638493423586
1779232445.053307,33.0,231.98019818645986,755096.81,838893.75,155926.55,7559762.5,930281.75,6977829.5,794.0791761294423,750.3652315198577,521.5892035329736,2933.094024600778,189.5010434824961,1414.6091820562
1779232445.180452,33.0,231.73025003541596,755337.06,837989.88,156001.86,7568751.0,929963.12,6985703.5,794.3318291926504,749.5567469867284,521.8411226764297,2936.5814510430937,189.4361376435018,1416.2054710884142
1779232445.308302,33.0,231.96936093327145,757839.75,838854.56,156309.08,7657959.0,936026.0,7069243.0,796.9637221989357,750.3301772434095,522.8688029214514,2971.1930478686004,190.671163576784,1433.141359786237
1779232445.435499,33.0,231.86255080201286,755845.38,838468.31,156190.59,7579994.5,929941.88,6995989.0,794.8663915447414,749.9846882340153,522.4724425535306,2940.9437894982498,189.43181099497457,1418.2906413755413
1779232445.562851,33.0,231.8498137802762,755885.06,838422.25,156901.48,7619368.0,934201.25,7034884.0,794.9081200506648,749.9434889491667,524.8504375062796,2956.22021882756,190.29945680182612,1426.1757902081513
1779232445.690159,33.0,232.42316503425073,755028.31,840495.62,156184.67,7580682.0,930246.38,6996656.0,794.0071397721905,751.7980560621967,522.4526395880645,2941.2105309655794,189.49383851270284,1418.425861693612
1779232445.816794,33.0,231.80100604392115,755080.94,838245.75,155562.62,7566066.5,930354.56,6983165.0,794.0624868303241,749.7856150070099,520.3718229211294,2935.5398983608443,189.51587508698148,1415.6908432362077
1779232445.944226,33.0,231.97831500977668,754636.19,838886.94,156718.69,7558821.5,928137.44,6976932.5,793.594776321014,750.3591401796532,524.2389874965552,2932.728928279677,189.0642414248937,1414.4273340422433
1779232446.072203,33.0,232.09813869385607,755625.94,839320.25,156430.94,7587679.5,930775.38,7003158.5,794.6356228113788,750.7467229438232,523.2764362612677,2943.925474118508,189.60159732018482,1419.7441077479646
1779232446.199126,33.0,232.03956664491918,756007.19,839108.44,156335.31,7568527.5,930086.56,6985439.5,795.0365550917037,750.5572652685356,522.9565447768871,2936.494735816987,189.4612827232666,1416.1519506027012
1779232446.327177,33.0,232.17864518838897,755662.69,839611.38,156359.86,7592151.0,930685.31,7008251.5,794.674270054138,751.007129973739,523.0386668718525,2945.6603606220197,189.58324980451394,1420.7766071181788
1779232446.454248,33.0,231.75003859979873,756517.44,838061.44,156541.81,7598302.5,933100.75,7013423.0,795.5731470813057,749.6207552547213,523.6473070013418,2948.0470662747875,190.07528181575069,1421.8250207237281
1779232446.582025,33.0,232.21198377589585,755544.56,839731.94,156484.27,7583091.5,930704.56,6999128.0,794.5500415157125,751.1149672681663,523.4548302052394,2942.1453870608966,189.5871710843703,1418.927008059834
1779232446.709174,33.0,232.1274150397366,755615.0,839426.12,156726.31,7610678.5,932834.75,7025336.0,794.6241180267316,750.8414204750195,524.2644771244019,2952.8488006743087,190.0210968577352,1424.2401326415295
1779232446.836569,33.0,232.03496793298953,755217.94,839091.81,156567.2,7577902.0,930633.75,6993577.5,794.2065595448278,750.5423902336458,523.7322389765424,2940.131925468596,189.5727468855843,1417.8017601206284
1779232446.967009,33.0,232.1707806443553,756993.94,839582.94,156930.27,7625123.0,933434.56,7038436.5,796.0742467051084,750.9816912490083,524.9467428062411,2958.4530874013517,190.14327986400318,1426.8959853804831
1779232447.092850,33.0,232.06181080532937,756563.06,839188.88,156224.44,7598145.0,932154.0,7013295.0,795.6211222436099,750.6292164294824,522.585674036813,2947.985958229545,189.8824261428139,1421.7990713973218
1779232447.220281,33.0,232.2925040969829,755333.12,840023.12,156034.03,7573224.0,929969.19,6989748.5,794.3276857875762,751.3754190215784,521.9487343992419,2938.3169195279884,189.4373741197994,1417.0255103486768
1779232447.348961,33.0,231.80427187602515,754454.5,838257.56,156660.3,7590230.0,932085.25,7005512.5,793.4037064560639,749.7961786968506,524.0436673692626,2944.9150364638526,189.86842157189824,1420.2213320789058
1779232447.475138,33.0,232.17945542446554,755106.75,839614.31,156240.53,7591918.0,931158.69,7007549.5,794.0896292884362,751.0097507706258,522.6394966236966,2945.5699595138194,189.67967865949655,1420.634291281169
1779232447.602322,33.0,232.1707806443553,755558.44,839582.94,156690.77,7584203.0,931547.12,6999890.5,794.5646380797803,750.9816912490083,524.1455924296943,2942.5766352658957,189.75880295739867,1419.081589008153
1779232447.730104,33.0,232.19193527229388,755544.56,839659.44,156170.28,7594971.0,931673.56,7010862.5,794.5500415157125,751.0501181984417,522.4045036635613,2946.7544856225572,189.78455914571254,1421.3059328310453
1779232447.858131,33.0,232.1073499442696,754317.5,839353.56,155847.84,7569306.0,929131.69,6985902.0,793.2596337415603,750.7765177370994,521.3259110647564,2936.796784154901,189.2667729831904,1416.2457128172553
1779232447.986453,33.0,232.11900019884544,756007.19,839395.69,156282.84,7573511.0,929994.5,6990055.0,795.0365550917037,750.8142017551337,522.7810276150607,2938.4282719659864,189.44252983892486,1417.0876468216732
1779232448.112999,33.0,232.4654576982629,755317.19,840648.56,156402.17,7593357.0,931148.62,7009930.0,794.3109333909189,751.934856292868,523.1801978632166,2946.1282736541643,189.67762737180024,1421.116887933593
1779232448.240488,33.0,232.39254198199032,756274.19,840384.88,156445.33,7588134.0,930912.94,7004545.0,795.3173391411377,751.6990024624547,523.3245721857709,2944.1018144776376,189.6296186841871,1420.0251916625143
1779232448.368972,33.0,232.3689483498894,756966.12,840299.56,157128.3,7621274.0,934468.31,7036154.0,796.0449904794334,751.6226862882631,525.6091720716589,2956.959723171895,190.3538576848623,1426.433256181089
1779232448.495474,33.0,232.11874025962635,756920.5,839394.75,157074.98,7619842.0,932526.25,7032747.0,795.9970153171294,750.8133609534021,525.4308115786423,2956.4041249446714,189.95825452860817,1425.7425580946333
1779232448.622153,33.0,232.27596477283905,756210.69,839963.31,156568.89,7595471.5,932060.94,7010306.5,795.2505609121524,751.3219207752305,523.7378921879676,2946.948673410773,189.86346955562246,1421.1932154444678
1779232448.751056,33.0,232.0260166217951,755211.0,839059.44,157062.3,7584944.5,931167.81,7001635.5,794.1992612627938,750.5134362421012,525.3883957674748,2942.8643280630226,189.68153642948567,1419.4353513095518
1779232448.879001,33.0,232.04554524695885,754656.06,839130.06,156543.5,7577271.0,931229.5,6994030.0,793.6156721227454,750.5766037083625,523.6529602127671,2939.8871053000357,189.69410285828258,1417.893495044057
1779232449.005532,33.0,232.365165404658,755794.69,840285.88,156743.23,7593227.5,931660.44,7009998.5,794.813084640375,751.6104499396586,524.3210761405655,2946.0780292614095,189.78188656432468,1421.1307748778027
1779232449.137378,33.0,232.0815993697122,755137.5,839260.44,156179.59,7575576.0,931163.75,6992466.0,794.1219667772755,750.6932246974752,522.4356465028333,2939.229466336947,189.68070939591595,1417.5764267120298
1779232449.264727,33.0,231.70233698778034,756144.19,837888.94,156995.44,7615864.0,932822.62,7031237.0,795.1806278062073,749.4664591922733,525.1647426811453,2954.860710316254,190.01862594216854,1425.4364371346835
1779232449.392275,33.0,232.2854525543367,756461.81,839997.62,156814.33,7600817.0,933226.19,7017758.5,795.514645146212,751.3526100384339,524.558912431891,2949.0226610669333,190.10083430121483,1422.703952791186
1779232449.519438,33.0,232.10354764186238,756163.0,839339.81,156614.59,7602469.0,931707.94,7017245.5,795.2004088847461,750.7642187755999,523.8907630531376,2949.663616563702,189.7915624496846,1422.5999527564484
1779232449.645795,33.0,231.98019818645986,755933.69,838893.75,156384.39,7598775.0,932411.94,7013834.5,794.9592606061852,750.3652315198577,523.1207220649076,2948.230390410516,189.93496925586098,1421.908443753542
1779232449.773945,33.0,232.22202461956186,755119.69,839768.25,156171.12,7586038.5,931119.25,7002593.5,794.10323732439,751.1474454712242,522.4073135437964,2943.288786485217,189.67164461910508,1419.6295657993742
1779232449.901439,33.0,231.73404957251236,754617.31,838003.62,155928.23,7565927.0,929215.69,6982501.0,793.5749216286796,749.5690370035286,521.5948232934437,2935.4857740922007,189.2838840225637,1415.5562311054748
1779232450.028784,33.0,231.7424505868493,755240.75,838034.0,156067.88,7594089.5,931305.38,7010529.5,794.2305471259799,749.596210999918,522.0619658825242,2946.412474562992,189.70955983051647,1421.2384240365664
1779232450.156269,33.0,232.38739020789234,756034.94,840366.25,156835.48,7608858.5,932624.38,7024676.0,795.0657377035831,751.6823384877104,524.6296612020956,2952.1426632626144,189.9782438892475,1424.1063314272467
1779232450.284585,33.0,232.06234451032182,755088.88,839190.81,156550.27,7561965.5,929202.5,6979358.0,794.0708367380115,750.630942756442,523.6756065094236,2933.948761258999,189.2811971819764,1414.919053504732
1779232450.411192,33.0,232.12062343630953,754468.44,839401.56,156338.7,7564983.0,928542.0,6982132.0,793.4183661176711,750.8194522936067,522.9678846506929,2935.119513808333,189.1466514497612,1415.481424062944
1779232450.539123,33.0,231.75709014244495,755612.06,838086.94,156242.22,7573094.5,929906.5,6989200.0,794.621026247311,749.6435642378657,522.645149835122,2938.266675135233,189.4246039881528,1416.9143134304434
1779232450.665399,33.0,231.94089482346754,754698.75,838751.62,156931.11,7576649.5,930130.06,6993047.5,793.6605660218852,750.2381005090999,524.9495526864762,2939.64597101357,189.4701437972278,1417.6943136909772
1779232450.792430,33.0,231.8490007788888,755413.5,838419.31,156567.2,7566938.0,929651.62,6983936.0,794.4122154575894,749.9408592075807,523.7322389765424,2935.8780295445213,189.37268420582575,1415.8471473819832
1779232450.919830,33.0,231.78961572856443,755891.0,838204.56,156259.98,7561244.0,930118.94,6979238.5,794.9143667070455,749.7487717907071,522.7045587315206,2933.6688282136492,189.4678786215393,1414.8948273757824
1779232451.046875,33.0,232.34373424563526,756720.94,840208.38,156617.98,7615836.0,933151.31,7029547.0,795.7871529017546,751.5411285202979,523.9021029269434,2954.8498466637666,190.08558103183063,1425.093824934475
1779232451.174412,33.0,232.50503759233933,756314.94,840791.69,156733.92,7600204.0,931753.5,7016217.0,795.3601928865102,752.0628817735528,524.2899333012934,2948.7848246749727,189.80084315151612,1422.3914458641912
1779232451.302348,33.0,232.04689471864953,755166.31,839134.94,156031.48,7570176.0,929793.19,6986961.5,794.1522641123474,750.5809687216074,521.9402044056711,2937.134333357195,189.40152241825527,1416.4605043120014
1779232451.430793,33.0,232.0284528606466,755374.81,839068.25,157038.59,7565833.0,928817.12,6983517.0,794.3715280610628,750.5213165221602,525.3090835527445,2935.44930325885,189.20269417776584,1415.762203883825
1779232451.558309,33.0,232.40311653064876,756351.62,840423.12,156174.52,7590322.5,931993.19,7007121.5,795.3987665154737,751.7332069924721,522.4186868685573,2944.9509253158203,189.8496686875565,1420.5475232209978
1779232451.685547,33.0,232.1637291017091,756330.81,839557.44,155824.14,7573066.0,929905.5,6990106.0,795.3768821856283,750.9588822658638,521.2466323009813,2938.255617488951,189.4244002853031,1417.097986006413
1779232451.813365,33.0,231.81023388619974,755499.88,838279.12,156909.95,7606378.5,933039.06,7020886.5,794.5030548815224,749.8154634684817,524.8787704653166,2951.1804540422836,190.06271538695378,1423.3380894552408
1779232451.941164,33.0,231.52936679463537,756325.81,837263.44,156544.34,7592642.5,931768.62,7007755.0,795.3716240573617,748.9069682527883,523.6557700930022,2945.8510565219362,189.80392313860332,1420.6759521137978
1779232452.068558,33.0,231.68254842339755,755003.5,837817.38,156193.12,7565919.0,929460.44,6982577.5,793.9810489397317,749.4024509242805,522.480905645191,2935.4826701914903,189.33374029502346,1415.5717398825848
1779232452.196870,33.0,232.0899976187383,755395.62,839290.81,156436.02,7587494.5,931446.0,7003997.0,794.3934123909082,750.7203897491655,523.2934293464988,2943.8536964145724,189.73820452523879,1419.9140961088372
1779232452.323673,33.0,231.77390599767304,754863.5,838147.75,156022.17,7581116.5,931070.69,6998067.0,793.8338213482682,749.6979569541409,521.9090615663991,2941.379111572932,189.6617528087245,1418.711912471419
1779232452.451068,33.0,231.90104116361772,755573.31,838607.5,156587.52,7578401.0,930482.06,6995039.5,794.5802757532451,750.1091895031869,523.8002113174668,2940.3255312754286,189.541847200316,1418.0981500831758
1779232452.580221,33.0,232.11792725823892,755876.12,839391.81,156436.02,7584852.5,932238.0,7000480.0,794.8987185173241,750.8107312118161,523.2934293464988,2942.828633204849,189.89953718218723,1419.201097820001
1779232452.707182,33.0,231.77253993411728,755107.75,838142.81,156089.88,7565400.5,929070.0,6983047.5,794.0906809140895,749.6935382727004,522.1355579839188,2935.281498626675,189.2542065543935,1415.667022565483
1779232452.833987,33.0,232.24940119689415,755796.69,839867.25,156375.94,7588876.5,931274.0,7004715.5,794.8151878916816,751.2359979940204,523.092456007781,2944.3898952623535,189.70316763509342,1420.059756976204
1779232452.961266,33.0,232.21631978329555,755296.38,839747.62,155880.84,7569140.5,929406.81,6985987.0,794.2890490610736,751.1289925566253,521.4362992168485,2936.7325722089477,189.32281571119503,1416.262944791822
1779232453.089301,33.0,231.69799821506982,755468.12,837873.25,156034.03,7560532.5,929524.19,6978621.5,794.4696552507733,749.4524249591151,521.9487343992419,2933.392775044187,189.34672635169073,1414.7697435133393
1779232453.216120,33.0,232.3190704382386,756295.06,840119.19,156691.61,7590685.0,931829.31,7006934.0,795.3392865685224,751.4613507474878,524.1484023099293,2945.091570816776,189.81628586455057,1420.509511512395
1779232453.344333,33.0,231.62751873764878,755350.0,837618.38,156641.67,7601086.0,932121.62,7015967.0,794.3454372286042,749.2244514087608,523.9813482397634,2949.127029728332,189.8758302445412,1422.3407635860538
1779232453.471198,33.0,232.2092875978252,755859.25,839722.19,156307.38,7585297.0,932227.88,7000882.5,794.8809775925529,751.1062461863758,522.8631162590709,2943.00109368809,189.89747570934844,1419.282696287802
1779232453.598270,33.0,232.1976207513843,754760.31,839680.0,156418.25,7569316.0,930059.25,6986705.5,793.7253040971032,751.0685085001458,523.233986999145,2936.80066403079,189.4557195984418,1416.4086056591889
1779232453.726141,33.0,232.37518689114813,756367.5,840322.12,155677.73,7600631.5,931553.19,6998488.0,795.4154663308483,751.6428655298215,520.7568768661996,2948.950689369203,189.76003943369625,1418.7972614278024
1779232453.854414,33.0,232.2678430548971,756447.94,839933.94,156595.12,7585204.5,931238.62,7001858.5,795.5000590984006,751.2956501934676,523.8256340434032,2942.9652048361218,189.69596062827168,1419.4805599016502
1779232453.981565,33.0,232.24967772797834,756541.25,839868.25,157019.12,7619786.5,933797.69,7033759.5,795.598186288111,751.2368924639476,525.2439545430101,2956.382591633491,190.2172504798083,1425.9478213210896
1779232454.107486,33.0,232.20657482788957,757097.19,839712.38,156565.5,7599044.0,932333.06,7014656.5,796.1828270538128,751.0974714363896,523.7265523141618,2948.3347590719145,189.91890117507805,1422.0750870840577
1779232454.234741,33.0,231.89779192337878,756660.38,838595.75,156697.53,7608069.5,933088.62,7022686.5,795.72346645219,750.0986794815419,524.1682052753955,2951.8365410550173,190.07281090018404,1423.7030018578298
1779232454.362390,33.0,232.46139822194732,756098.5,840633.88,156425.86,7583173.5,931400.44,6999504.0,795.1325790301075,751.9217254743361,523.2594431760365,2942.1772020431818,189.72892382340726,1419.0032342061527
1779232454.489500,33.0,232.13607599329262,756284.12,839457.44,156105.11,7581756.5,930390.0,6998136.0,795.3277817838751,750.8694352731404,522.186503788657,2941.6274236297913,189.52309431597422,1418.725900780185
1779232454.616699,33.0,232.18026842585297,756152.12,839617.25,156548.58,7565658.5,930514.38,6982279.5,795.1889671976381,751.0123805122118,523.6699532979982,2935.3815994245965,189.5484308764177,1415.511326607045
1779232454.744184,33.0,232.1005749327076,755740.12,839329.06,156683.14,7579847.0,930809.75,6995938.5,794.7556974284739,750.7546032238822,524.1200693508924,2940.8865613288954,189.6085985871284,1418.2804035553577
1779232454.872690,33.0,232.35512179568116,756042.88,840249.56,157208.7,7607010.0,933489.19,7020972.5,795.0740876112703,751.5779627919014,525.8781177513014,2951.425468204638,190.1544081506813,1423.35552415892
1779232455.000599,33.0,231.98318748747968,756494.62,838904.56,156805.86,7597224.5,931134.44,7012190.5,795.5491489838971,750.3749007397712,524.530579472854,2947.628815654015,189.67473886539176,1421.5751570925108
1779232455.127139,33.0,232.38820320927977,755891.0,840369.19,156298.08,7578799.0,930423.38,6995305.5,794.9143667070455,751.6849682292964,522.8320068707541,2940.479950335788,189.52989391709662,1418.152076027114
1779232455.255417,33.0,231.6258761430088,755628.94,837612.44,155611.72,7562262.5,929279.38,6979264.5,794.6387776883387,749.2191382573931,520.5360671110602,2934.0639935728855,189.29685785706,1414.9000983327085
1779232455.383078,33.0,232.07670753483333,757127.94,839242.75,156258.3,7610977.0,933890.75,7025105.5,796.2151645426521,750.6774015244625,522.6989389710503,2952.964614969578,190.23620706699975,1424.1934035810868
1779232455.510597,33.0,232.01815207776147,756376.44,839031.0,155940.08,7579300.0,930221.06,6995357.0,795.4248678641887,750.4879975173707,521.6344626753313,2940.6743321177983,189.4886807565489,1418.16251657641
1779232455.636384,33.0,231.66139379545893,755505.81,837740.88,157014.05,7599963.5,931682.69,7013963.5,794.5092910216466,749.3340239748471,525.2269949087341,2948.691513659856,189.78641895273012,1421.934595809061
1779232455.764381,33.0,231.73621204559055,755370.81,838011.44,156144.89,7583555.0,930898.75,6999803.5,794.3673215584496,749.5760317583596,522.3195716883608,2942.3252193083254,189.62672814075012,1419.0639515753612
1779232455.892118,33.0,231.83055892088584,755869.19,838352.62,155731.89,7569334.0,929717.38,6985698.0,794.8914307515467,749.8812070081334,520.9380472394513,2936.807647807389,189.38607970522088,1416.2043560782952
1779232456.019324,33.0,232.21416007552824,755822.5,839739.81,156210.06,7601560.0,931576.44,7016961.5,794.8423303497937,751.1220067464938,522.5375715632649,2949.3109358454435,189.76477552495135,1422.5423776884843
1779232456.146955,33.0,232.15370484990814,755721.25,839521.19,157190.92,7587199.5,931172.88,7003192.0,794.7358532523959,750.9264577310016,525.8186419529924,2943.7392400758636,189.68256920293354,1419.750899173235
1779232456.274414,33.0,232.44269642472526,755896.0,840566.25,157018.28,7605478.5,932812.5,7019542.0,794.919624835312,751.8612324731572,525.241144662775,2950.831265212325,190.01656446932975,1423.0655201634181
1779232456.402028,33.0,232.20086999162325,756772.56,839691.75,156698.38,7576948.0,930844.12,6992722.0,795.8414378179785,751.0790185217908,524.1710486065858,2939.7617853088395,189.61559985407197,1417.6283253648423
1779232456.529589,33.0,232.60210000288114,757922.12,841142.69,157872.2,7647623.0,936243.44,7059461.5,797.0503446039988,752.3768407180121,528.0975886274551,2967.182808150319,190.71545672441894,1431.1583649718348
1779232456.659029,33.0,232.13147728136298,755995.25,839440.81,156353.92,7583156.5,930663.06,6998949.0,795.0239986814032,750.8545602382507,523.0187970044759,2942.1706062541716,189.5787174161085,1418.8907195486877
1779232456.786442,33.0,232.2369213490658,755151.44,839822.12,156991.2,7595499.5,932357.31,7010941.0,794.1366264388826,751.1956305662043,525.1505594761493,2946.9595370632605,189.92384096918283,1421.3218470663803
1779232456.913603,33.0,232.01381330505092,755936.69,839015.31,156951.42,7581293.0,930789.5,6998195.0,794.9624154831452,750.4739632842125,525.0174915764457,2941.4475913823626,189.6044736044223,1418.7378617978254
1779232457.041353,33.0,232.28192954832446,755974.38,839984.88,156392.86,7564826.5,929754.75,6981518.0,795.0020512540185,751.341214491561,523.1490550239445,2935.0587937506793,189.3936920807135,1415.3569483878387
1779232457.169247,33.0,232.30633065119113,756573.0,840073.12,156417.41,7585158.5,931677.62,7000778.5,795.6315754026037,751.4201425179401,523.23117711891,2942.9473574070353,189.78538617928223,1419.2616124600968
1779232457.296865,33.0,232.60073393932538,756781.5,841137.75,156901.48,7606192.0,932238.0,7021212.0,795.8508393513191,752.3724220365716,524.8504375062796,2951.1080943569646,189.89953718218723,1423.4040777813755
1779232457.423993,33.0,232.32720874804556,755916.81,840148.62,156465.64,7568954.0,929540.31,6985312.5,794.9415091651575,751.4876749974463,523.3925110757403,2936.6602125236286,189.35001004162763,1416.1262040054075
1779232457.551384,33.0,231.9501088391919,756263.31,838784.94,156465.64,7602173.0,931337.75,7005803.0,795.3058974540298,750.2679042470753,523.3925110757403,2949.5487722374046,189.71615369176067,1420.2802248861015
1779232457.677118,33.0,232.26051498116672,757421.81,839907.44,157117.3,7613959.0,932489.81,7028364.0,796.5242057733908,751.271946740396,525.5723760209615,2954.121593959508,189.95083159676577,1424.853996394329
1779232457.804799,33.0,232.03768070292517,756242.44,839101.62,156573.97,7590879.5,932139.88,7006582.0,795.2839500266451,750.5511649836319,523.7548852731989,2945.167034402806,189.87954985857638,1420.4381508647775
1779232457.931717,33.0,232.31229542667657,757368.19,840094.69,156861.72,7624817.0,933572.12,7038977.5,796.4678176058602,751.4394362342705,524.7174365084862,2958.3343631991656,190.17130122800546,1427.0056618303724
1779232458.058812,33.0,232.00216581578587,755933.69,838973.19,156360.7,7587199.5,930585.19,7002200.0,794.9592606061852,750.4362882108771,523.0414767520876,2943.7392400758636,189.56285507520371,1419.549791893586
1779232458.186245,33.0,232.32639851196893,755372.81,840145.69,156262.53,7585445.5,931703.94,7002097.0,794.3694248097562,751.4850542005595,522.7130887250913,2943.0587098450333,189.79074763828586,1419.5289107949934
1779232458.313678,33.0,232.1352629919052,756671.31,839454.5,156369.16,7594358.5,931913.31,7009261.0,795.7349607205808,750.8668055315544,523.0697762601693,2946.516843224391,189.83339690392387,1420.9812621572974
1779232458.442521,33.0,232.0840356085637,757285.81,839269.25,156814.33,7617909.0,933922.06,7032035.0,796.3811846845405,750.7011049775342,524.558912431891,2955.654144935438,190.24258500322333,1425.598214966498
1779232458.570043,33.0,231.89806845446296,756375.44,838596.75,156850.72,7586308.5,930700.5,7003356.0,795.4238162385354,750.0995739514691,524.680640457789,2943.3935431342047,189.5863440508006,1419.784146747693
1779232458.697738,33.0,232.12632827257582,756490.62,839422.19,156259.98,7598366.5,931684.69,7013475.5,795.5449424812839,750.8379052082054,522.7045587315206,2948.0718974804736,189.78682635842947,1421.835664002137
1779232458.825162,33.0,232.08457207886696,757117.06,839271.19,156562.12,7576363.5,930201.88,6992662.0,796.2037228555442,750.7028402491931,523.7152458913112,2939.535006563161,189.48477373589196,1417.6161616180896
1779232458.952488,33.0,232.20629829680541,755918.81,839711.38,157019.97,7590285.5,931556.25,7006034.5,794.9436124164641,751.0965769664624,525.2467978742004,2944.936569775033,189.76066276441628,1420.3271566756566
1779232459.080162,33.0,232.1588538586953,757075.31,839539.81,156667.91,7581756.5,931517.81,6998169.5,796.1598174845185,750.9431127610468,524.0691235461542,2941.6274236297913,189.7528324268745,1418.7326922054554
1779232459.207645,33.0,232.53187769936835,757091.25,840888.75,156516.42,7612285.5,932731.56,7026073.0,796.1765803974322,752.1496990246903,523.5623750261414,2953.4722967295793,190.00007676067648,1424.3895439974783
1779232459.335076,33.0,232.0734582945944,757737.5,839231.0,157084.3,7607938.0,931914.31,7022721.0,796.8561934758845,750.6668915028175,525.4619878688695,2951.7855206870845,189.83360060677356,1423.7099960122127
1779232459.462271,33.0,232.24262618533214,756296.06,839842.75,157096.98,7593394.5,931155.69,7009911.5,795.3403381941757,751.2140834808032,525.5044036800371,2946.142823188746,189.6790675509475,1421.1131374450108
1779232459.590050,33.0,232.3391355337056,756923.44,840191.75,156829.56,7589506.5,932164.12,7005871.0,796.00010709655,751.5262534854079,524.6098582366293,2944.6343274433243,189.8844876156527,1420.2940104657548
1779232459.718015,33.0,231.96583516194838,755621.0,838841.81,156588.36,7582999.0,931677.62,6999538.5,794.6304277806514,750.3187727518373,523.8030211977019,2942.1094982089285,189.78538617928223,1419.0102283605356
1779232459.844889,33.0,232.10598388071384,757268.94,839348.62,156982.73,7620725.0,933975.69,7034874.5,796.363443759769,750.7720990556588,525.1222265171123,2956.74671798562,190.25350958705175,1426.1738642815822
1779232459.972219,33.0,232.37653636283886,757282.81,840327.0,157130.0,7624639.5,933741.06,7037226.0,796.3780298075806,751.6472305430664,525.6148587340394,2958.265495402146,190.20571478743082,1426.650581789742
1779232460.102384,33.0,232.5646825818828,757132.94,841007.38,156572.28,7582034.5,932083.19,6998915.0,796.2204226709187,752.2558099921581,523.7492320617735,2941.7352841794896,189.8680019440279,1418.883826758861
1779232460.230275,33.0,231.97831500977668,757581.62,838886.94,156432.64,7624994.0,934851.62,7039047.0,796.6922660690465,750.3591401796532,523.2821229236482,2958.4030370023906,190.43193902417406,1427.0197515036946
1779232460.357423,33.0,232.10816294565706,757116.06,839356.5,156407.25,7607577.0,933885.69,7023107.5,796.2026712298909,750.7791474786854,523.1971909484477,2951.645457167512,190.23517633058034,1423.788350814213
1779232460.485262,33.0,232.24343918671957,757267.94,839845.69,156287.08,7573530.0,930585.19,6990029.5,796.3623921341157,751.2167132223892,522.7952108200567,2938.4356437301744,189.56285507520371,1417.082477229303
1779232460.612432,33.0,232.09405986036467,758348.0,839305.5,157019.97,7632984.5,936005.75,7046414.0,797.4982109372311,750.7335295123964,525.2467978742004,2961.503251831041,190.66703859407795,1428.513256875846
1779232460.740377,33.0,232.5993872329455,757058.44,841132.88,156288.77,7581514.5,930762.19,6997469.5,796.142076559747,752.368065968026,522.8008640314821,2941.5335306332913,189.5989104795975,1418.5907818266708
1779232460.866974,33.0,232.47304571121234,757108.12,840676.0,157101.22,7600268.5,933521.56,7016233.5,796.1943213222036,751.9594005476712,525.5185868850331,2948.809849874453,190.16100201192555,1422.3947908945484
1779232460.994308,33.0,232.04580518617792,755389.69,839131.0,156880.33,7573233.0,930656.0,6990824.5,794.387176250784,750.5774445100941,524.7796887360751,2938.3204114162877,189.57727927398972,1417.2436468737799
1779232461.120958,33.0,232.27568824175486,756550.19,839962.31,157137.61,7627820.5,933874.56,7040926.0,795.6075878214516,751.3210263053033,525.6403149109309,2959.4996839222554,190.23290911786341,1427.400679506175
1779232461.248714,33.0,232.12876451142733,756401.25,839431.0,156331.92,7589387.5,930304.0,7005708.5,795.4509586966475,750.8457854882644,522.9452049030813,2944.588156920252,189.50557587090154,1420.2610669849655
1779232461.375479,33.0,231.87366458628543,756257.31,838508.5,156857.48,7585223.5,931437.88,7002346.5,795.2995877001099,750.0206369803907,524.7032533034902,2942.97257660031,189.73655045809937,1419.5794917085743
1779232461.502510,33.0,232.27325200290338,758241.81,839953.5,157240.02,7649746.5,935014.5,7062169.5,797.386538809106,751.3131460252444,525.9828861429232,2968.006699795227,190.46511814433032,1431.7073554086187
1779232461.629688,33.0,232.5955821652274,757581.62,841119.12,156743.23,7580163.0,931131.44,6996169.0,796.6922660690465,752.3557580618273,524.3210761405655,2941.0091654069697,189.6741277568427,1418.3271326158003
1779232461.757379,33.0,232.3339837596076,758405.62,840173.12,156482.56,7612889.5,933373.88,7028663.5,797.5588056073749,751.5095895106635,523.4491100919038,2953.7066412332406,190.13091917508444,1424.9147137635375
1779232461.885740,33.0,232.09758563168776,757099.19,839318.25,156950.58,7630649.5,933933.19,7043804.0,796.1849303051195,750.7449340039688,525.0146816962105,2960.5973008110923,190.24485221594026,1427.9841338920921
1779232462.013249,33.0,232.38358790548506,757831.81,840352.5,156625.59,7630017.5,935349.31,7042258.0,796.9553722912484,751.6700395262109,523.9275591038349,2960.3520926549436,190.53331989543247,1427.6707146840909
1779232462.140605,33.0,232.63516205930387,758359.94,841262.25,157213.78,7635945.0,934455.12,7048166.5,797.5107673475316,752.4837835425124,525.8951108365325,2962.6518890878106,190.35117084427498,1428.868539645589
1779232462.269342,33.0,231.97667241513676,757076.31,838881.0,156488.5,7593264.0,932261.25,7009330.0,796.1608691101718,750.3538270282855,523.4689799592804,2946.092190808402,189.90427327344233,1420.9952504660632
1779232462.396060,33.0,232.61103472221052,756370.5,841175.0,156287.92,7573586.0,929511.0,6990165.0,795.4186212078082,752.4057410413611,522.7980207002919,2938.4573710351497,189.34403951110343,1417.1099470240536
1779232462.523281,33.0,232.46167475303147,757094.19,840634.88,156711.08,7598905.5,932957.12,7014015.5,796.1796721768529,751.9226199442633,524.2135313196636,2948.28102279086,190.0460239754508,1421.9451377229136
1779232462.650423,33.0,232.55057949659044,756100.5,840956.38,156228.67,7582434.0,930843.12,6998751.0,795.1346822814141,752.2101920258691,522.5998237908539,2941.8902852212323,189.61539615122228,1418.850579184403
1779232462.778523,33.0,232.4291298097361,756583.94,840517.19,156996.28,7605598.0,932427.12,7021212.0,795.6430801872509,751.817349778527,525.1675525613804,2950.877629729192,189.93806146511915,1423.4040777813755
1779232462.907995,33.0,232.44919490520314,757311.62,840589.75,156576.52,7603658.0,932646.62,7018367.0,796.4083271426524,751.8822525164472,523.7634152667695,2950.1249338068365,189.98277424062442,1422.8273134561725
1779232463.034907,33.0,232.62378833581218,757532.0,841221.12,156645.06,7607307.0,933637.88,7022250.0,796.6400844041291,752.4469939944051,523.9926881135692,2951.5407005185243,190.18469672740056,1423.6145106002018
1779232463.162522,33.0,232.03306816444126,757359.25,839084.94,156983.58,7620632.5,934429.88,7034592.0,796.4584160725196,750.5362452252456,525.1250698483025,2956.710829133652,190.346029384349,1426.1165933072868
1779232463.289621,33.0,232.4006636999322,755923.75,840414.25,156276.06,7586028.5,931263.94,7001566.5,794.9488074471914,751.7252730442176,522.7583478674491,2943.2849066093286,189.70111838442563,1419.4213630007857
1779232463.417463,33.0,232.6630916988045,756491.62,841363.25,156643.36,7574862.5,930655.0,6991329.5,795.5459941069372,752.574125005163,523.9870014511887,2938.9526371923075,189.57707557114006,1417.3460250756173
1779232463.544967,33.0,232.6094087194356,756338.75,841169.12,156326.84,7590331.5,931209.31,7006196.5,795.3852320933156,752.400481558189,522.9282118178501,2944.95441720412,189.68999009774748,1420.3599987918897
1779232463.673357,33.0,232.1043606432498,756069.69,839342.75,156480.88,7568333.5,930215.0,6985236.0,795.1022816950356,750.766848517186,523.4434903314337,2936.4194662247514,189.48744631727982,1416.1106952282973
1779232463.799588,33.0,232.39091597921544,756266.25,840379.0,156308.23,7600073.5,932725.5,7015574.0,795.3089892334505,751.6937429792825,522.8659595902612,2948.7341922946284,189.99884232140738,1422.2610910448218
1779232463.927360,33.0,232.47766101500704,756938.38,840692.69,156326.84,7600250.5,931607.81,7016250.5,796.0158183838106,751.9743292507567,522.9282118178501,2948.802866097854,189.7711656833459,1422.3982372894616
1779232464.054814,33.0,232.67420548307706,756890.69,841403.44,156944.66,7612583.5,933593.38,7026553.5,795.9656663564041,752.6100737515385,524.9948787307443,2953.5879170310545,190.17563195058972,1424.4869553360584
1779232464.181851,33.0,232.3036178812555,757964.81,840063.31,156541.81,7589766.5,931994.19,7005529.5,797.0952385031388,751.4113677679541,523.6473070013418,2944.735204216424,189.84987239040615,1420.2247784738192
1779232464.309814,33.0,232.27053923296768,757302.69,839943.69,156816.86,7628444.0,934278.12,7041758.5,796.3989361255683,751.3043712752582,524.5673755235514,2959.741594183899,190.3151154398812,1427.5694514923723
1779232464.436592,33.0,231.90240722717348,755350.94,838612.44,156625.59,7570111.0,930423.38,6987380.5,794.3464257567182,750.1136081846274,523.9275591038349,2937.10911416392,189.52989391709662,1416.5454478101597
1779232464.564171,33.0,231.7484125970239,755986.31,838055.56,156451.25,7561790.0,929776.0,6978692.5,795.0145971480626,749.6154957715493,523.344375151237,2933.8806694371574,189.39802076626924,1414.7841372803302
1779232464.691097,33.0,232.08213584001547,757145.81,839262.38,156364.94,7585650.0,931475.31,7001240.5,796.2339570930769,750.6949599691342,523.0556599570837,2943.1380533069514,189.744175055763,1419.3552733100946
1779232464.818118,33.0,232.1981572216876,757051.5,839681.94,156607.83,7610614.5,933861.38,7025413.5,796.134778277713,751.0702437718046,523.8681502074362,2952.8239694686226,190.2302243143046,1424.255844147752
1779232464.945410,33.0,232.09730910060358,757544.94,839317.25,156733.92,7610093.5,933860.38,7024821.5,796.6536924400829,750.7440395340415,524.2899333012934,2952.6218279348354,190.2300206114549,1424.1358285131228
1779232465.072640,33.0,232.35920062917262,756630.62,840264.31,157142.69,7611133.5,932138.88,7025010.0,795.6921700727474,751.5911562233281,525.6573079961621,2953.0253350272324,189.87934615572672,1424.1740429508384
1779232465.199975,33.0,232.11900019884544,755483.0,839395.69,156604.44,7607789.5,933510.44,7013013.5,794.4853034404945,750.8142017551337,523.8568103336305,2951.727904530141,190.15873683623704,1421.7420031521392
1779232465.326916,33.0,232.26051498116672,757137.88,839907.44,156727.16,7594896.5,931961.81,7010751.5,796.2256177016461,751.271946740396,524.2673204555922,2946.725580547188,189.84327649213347,1421.2834298995524
1779232465.455416,33.0,232.4654576982629,757177.62,840648.56,156723.77,7599054.0,932481.75,7016122.5,796.2674093051087,751.934856292868,524.2559805817863,2948.3386389478032,189.9491897517973,1422.3722879630552
1779232465.583281,33.0,232.03550440329278,755764.94,839093.75,156653.52,7588125.0,931457.12,7003039.0,794.781798777189,750.5441255053046,524.020987621651,2944.098322589338,189.74046970092726,1419.7198816190148
1779232465.711106,33.0,232.09895169524353,756187.81,839323.19,156458.88,7604920.5,932322.94,7020612.0,795.2264997172048,750.7493526854092,523.369898230039,2950.6147681377506,189.91683970223923,1423.2824403138459
1779232465.838521,33.0,232.18108142724043,755931.69,839620.19,156548.58,7590750.0,932373.5,7006497.0,794.9571573548786,751.0150102537979,523.6699532979982,2945.116790010051,189.9271389183192,1420.4209188902107
1779232465.966029,33.0,232.21578607830307,756092.56,839745.69,156744.08,7561624.0,929857.94,6978545.0,795.1263323737269,751.1272662296657,524.3239194717556,2933.8162634974096,189.4147121777722,1414.7542347362291
1779232466.093547,33.0,232.16996764296783,755418.5,839580.0,157063.14,7602006.5,931225.5,7017861.0,794.417473585856,750.9790615074223,525.39120564771,2949.484172303862,189.69328804688382,1422.7247325252224
1779232466.220915,33.0,232.14259106563554,756801.38,839481.0,157207.02,7622854.5,933496.25,7037175.0,795.871745669307,750.8905089846261,525.8724979908312,2957.5729375560613,190.15584629280005,1426.640242605002
1779232466.348450,33.0,232.18840950097078,756844.06,839646.69,156167.73,7591260.0,931537.0,7007465.0,795.9166290521903,751.0387137068695,522.3959736699906,2945.314663680361,189.75674148455988,1420.6171606711587
1779232466.475605,33.0,232.2656639899539,756906.56,839926.06,157004.73,7607288.0,932726.5,7022223.5,795.9823556555223,751.2886017704411,525.195818618507,2951.5333287543363,189.99904602425707,1423.6091382787192
1779232466.603344,33.0,231.9631223920127,756281.12,838832.0,156606.97,7591481.5,930928.12,7007189.5,795.3246269069152,750.309998001851,523.8652734252909,2945.4006029312895,189.63271089344528,1420.5613088006512
1779232466.730576,33.0,232.18650696711177,756884.75,839639.81,156826.17,7607066.0,933687.44,7022018.5,795.9594197000234,751.0325597537702,524.5985183628235,2951.4471955096133,190.19479224063082,1423.5675788106466
1779232466.857994,33.0,231.94875936750117,756177.94,838780.06,156326.0,7606527.0,933148.31,7022283.5,795.2161201720065,750.2635392338306,522.925401937615,2951.238070199227,190.0849699232816,1423.6213020254722
1779232466.988129,33.0,231.97803847869253,755863.19,838885.94,156613.75,7598579.5,932731.56,7014195.0,794.8851209976268,750.358245709726,523.8879531729025,2948.1545388368972,190.00007676067648,1421.9815275986161
1779232467.115108,33.0,232.2312358699754,756942.31,839801.56,156699.22,7603695.5,932306.75,7020415.0,796.0199512726281,751.1772402645004,524.1738584868209,2950.139483341418,189.9135417531029,1423.2425026786736
1779232467.242726,33.0,232.30579694619868,757061.44,840071.19,156436.02,7582796.0,930092.62,6999119.5,796.1452314367069,751.4184161909806,523.2934293464988,2942.0307367283935,189.46251716253568,1418.9252848623773
1779232467.370128,33.0,232.09813869385607,755622.0,839320.25,156649.3,7570898.5,930252.44,6987635.0,794.6314794063047,750.7467229438232,524.0068713185652,2937.414654390134,189.4950729519719,1416.5970423693036
1779232467.498020,33.0,232.07292182429114,756902.62,839229.06,156829.56,7623198.5,933856.31,7036960.0,795.9782122504481,750.6651562311588,524.6098582366293,2957.706405286623,190.2291915408567,1426.596655845804
1779232467.625532,33.0,232.42425456672234,757576.69,840499.56,156889.64,7610335.5,933099.75,7024075.0,796.6870815545756,751.80158027371,524.8108315753473,2952.7157209313355,190.075078112901,1423.9844912306046
1779232467.752512,33.0,232.30090511131985,758060.12,840053.5,156540.97,7598673.5,932445.31,7013321.5,797.1954689441558,751.4025930179678,523.6444971211067,2948.191009670248,189.9417668199549,1421.8044437188044
1779232467.880263,33.0,232.43402164461503,757314.56,840534.88,156784.7,7589934.0,932651.69,7006213.5,796.4114189220732,751.8331729515398,524.4597972516945,2944.800192137555,189.9838070140723,1420.3634451868031
1779232468.008085,33.0,232.61049825190722,759130.31,841173.06,157360.19,7649831.5,936527.69,7061517.5,798.320908202073,752.4040057697024,526.3848662713142,2968.0396787402788,190.77335925944115,1431.5751760272365
1779232468.134259,33.0,232.42290786034243,757992.62,840494.69,156341.23,7599026.0,933459.81,7014632.5,797.1244842125574,751.7972242051643,522.9763477423533,2948.3277752953154,190.14842336095765,1422.0702215853566
1779232468.261126,33.0,232.47413524368395,758175.31,840679.94,156564.66,7598775.0,933043.12,7014110.0,797.3166057031608,751.9629247591845,523.7237424339268,2948.230390410516,190.0635424205235,1421.9642956240496
1779232468.388547,33.0,232.33776947014982,757355.31,840186.81,156645.91,7603054.0,932838.81,7017279.0,796.4542726674456,751.5218348039674,523.9955314447594,2949.890589303175,190.0219238913049,1422.6067441817186
1779232468.515909,33.0,232.43808112093058,757799.06,840549.56,156579.05,7611998.5,933992.88,7025113.5,796.9209315511025,751.8463037700717,523.77187835843,2953.3609442915813,190.2570112390378,1424.1950254139872
1779232468.643311,33.0,232.3391355337056,757792.12,840191.75,157178.23,7611869.0,933088.62,7026502.5,796.9136332690684,751.5262534854079,525.7761926908697,2953.3106998988264,190.07281090018404,1424.4766161513182
1779232468.770476,33.0,232.58637091481387,759144.19,841085.81,156775.39,7615111.0,933770.38,7028689.5,798.3355047661408,752.3259632685512,524.4286544124225,2954.5685556618555,190.2116873549835,1424.9199847204638
1779232468.898800,33.0,232.9978851170918,757589.56,842573.94,157351.73,7637145.5,934662.5,7049275.0,796.7006159767337,753.6570508013663,526.3565667632324,2963.1176681882166,190.3934147412421,1429.0932648668502
1779232469.026830,33.0,232.80839219166796,757315.56,841888.69,157184.16,7605821.5,932804.38,7020415.0,796.4124705477265,753.044115283729,525.7960291072911,2950.964344955298,190.01491040219034,1423.2425026786736
1779232469.153871,33.0,232.7699018300631,757571.69,841749.5,157041.12,7600658.5,932232.94,7015599.0,796.6818234263089,752.9196140145573,525.3175466444048,2948.9611650341017,189.89850644576782,1422.2661592726356
1779232469.281691,33.0,232.18135795832458,757813.94,839621.19,156893.03,7613940.0,933421.38,7027333.5,796.9365797408236,751.015904723725,524.822171449153,2954.11422219532,190.14059506044435,1424.645084043847
1779232469.410173,33.0,232.23557464268592,756632.56,839817.25,156532.5,7584388.0,930823.94,7001071.0,795.694210226515,751.1912744976587,523.6161641620698,2942.6484129698315,189.61148913056536,1419.3209107255177
1779232469.537074,33.0,232.23882388292486,756742.75,839829.0,157248.48,7626556.0,934498.62,7040265.5,795.8100888572533,751.2017845193037,526.0111856510051,2959.0090736161633,190.36003191823616,1427.266776927336
1779232469.662977,33.0,232.4828100237942,757103.12,840711.31,156813.47,7590823.5,932190.44,7007592.5,796.189063193937,751.9909842808019,524.5560356497456,2945.145307097831,189.88984907465633,1420.6430086330088
1779232469.793987,33.0,232.1005749327076,756683.19,839329.06,156890.48,7609722.5,933100.75,7024719.0,795.747454033342,750.7546032238822,524.8136414555822,2952.477884539375,190.07528181575069,1424.1150487790865
1779232469.921458,33.0,232.4079917736626,755997.25,840440.75,156437.72,7584897.5,930871.44,7002062.5,795.0261019327098,751.7489764972893,523.2991160088793,2942.846092646347,189.62116501592527,1419.5219166406102
1779232470.049463,33.0,232.47819471999946,756844.06,840694.62,156833.78,7596715.0,932711.38,7011446.5,795.9166290521903,751.9760555777162,524.6239745397149,2947.4311359774993,189.99596603716986,1421.4243266327742
1779232470.176464,33.0,232.78563091813038,758935.75,841806.38,157369.5,7644408.5,935507.06,7055979.0,798.1163039149648,752.9704914640183,526.4160091105863,2965.935622045983,190.56545401996988,1430.4523608373815
1779232470.303973,33.0,232.37734936422632,756816.25,840329.94,156435.17,7585288.0,930609.5,7000900.0,795.8873833427716,751.6498602846524,523.2905860153087,2942.99760179979,189.5678070914795,1419.2862440472716
1779232470.431148,33.0,232.34672354665506,757697.81,840219.19,157206.16,7611226.5,933082.56,7025370.5,796.8144544537047,751.5507977402112,525.8696212086858,2953.0614178729948,190.07157646091497,1424.2471267959124
1779232470.558635,33.0,232.00079975223014,756593.88,838968.25,156592.59,7572333.5,930573.06,6988431.0,795.6535333462449,750.4318695294367,523.8171709517428,2937.971416580124,189.5603841596371,1416.758414742893
1779232470.686090,33.0,232.47631154331634,758496.94,840687.81,157021.67,7616347.5,934126.44,7030559.5,797.6548400620352,751.9699642375118,525.2524845365809,2955.0483023154598,190.28421779164137,1425.2990881609314
1779232470.813744,33.0,232.51181260390138,758983.38,840816.19,157244.25,7653933.0,936750.19,7067367.5,798.1663928448319,752.0847962867701,525.9970358969641,2969.6310098359186,190.8186831434955,1432.7611413356506
1779232470.941182,33.0,232.20845800457275,758161.38,839719.19,156452.09,7615491.5,932970.31,7030550.5,797.3019565578102,751.103562776594,523.3471850314721,2954.71618493941,190.04871081603812,1425.2972635989183
1779232471.068262,33.0,231.97993824724077,755924.75,838892.81,156440.25,7583415.5,931471.25,6999196.0,794.9498590728447,750.3643907181262,523.3075791005398,2942.2710950396818,189.7433480221933,1418.9407936394873
1779232471.196079,33.0,232.3865772065049,756972.12,840363.31,156370.86,7581368.0,931778.75,6997287.5,796.0513002333532,751.6797087461243,523.0754629225498,2941.476690451526,189.8059866484706,1418.553885128187
1779232471.323600,33.0,231.98318748747968,756540.25,838904.56,156880.33,7603129.5,932509.06,7017364.5,795.5971346624577,750.3749007397712,524.7796887360751,2949.9198823661327,189.95475287662214,1422.6240775208416
1779232471.450679,33.0,232.3974144596933,757434.69,840402.5,156924.34,7609146.5,933847.25,7023415.5,796.5377507118053,751.7147630225726,524.9269063898197,2952.2544036882014,190.22734599303857,1423.8507913808783
1779232471.577452,33.0,232.24967772797834,756419.12,839868.25,156119.5,7575151.5,931613.88,6991550.5,795.4697512470722,751.2368924639476,522.2346397131603,2939.064765605483,189.77240215964346,1417.3908282094908
1779232471.704348,33.0,232.48417608734997,758238.81,840716.25,156772.0,7633506.5,934630.12,7046422.5,797.3833839321461,751.9954029622423,524.4173145386167,2961.705781352417,190.3868188429694,1428.514980073303
1779232471.832173,33.0,232.46763676320603,756468.81,840656.44,156436.02,7591343.0,931995.19,7006034.5,795.5220065257853,751.9419047158945,523.2934293464988,2945.346866650235,189.85007609325584,1420.3271566756566
1779232471.958735,33.0,232.20276976017146,757399.0,839698.62,157121.53,7627933.0,934573.5,7040257.0,796.5002181922388,751.0851635301908,525.5865257750024,2959.5433325260005,190.3752851876204,1427.2650537298794
1779232472.085958,33.0,232.4161328487804,757544.94,840470.19,156891.33,7615454.5,933555.94,7029230.0,796.6536924400829,751.775309691947,524.8164847867724,2954.701829398623,190.1680053158976,1425.029559805797
1779232472.213435,33.0,232.1322902827504,757514.12,839443.75,156425.86,7603222.5,933102.81,7017442.0,796.621281337448,750.8571899798367,523.2594431760365,2949.955965211895,190.07570144362106,1422.6397890270641
1779232472.341114,33.0,231.94903589858535,756766.62,838781.06,156248.98,7587338.0,932362.38,7003286.0,795.8351911615978,750.2644337037577,522.6677626808232,2943.7929763569186,189.92487374263072,1419.7699557098147
1779232472.469786,33.0,232.63490212008477,757026.69,841261.31,156901.48,7609545.0,932977.38,7023818.5,796.1086874452544,752.4829427407808,524.8504375062796,2952.409016742355,190.05015099518536,1423.9324912132356
1779232472.597802,33.0,232.2930405672862,757256.0,840025.06,156663.67,7587801.5,931822.25,7004237.0,796.3498357238152,751.3771542932373,524.0549403411582,2943.9728086043474,189.81484772243178,1419.9627510958492
1779232472.724904,33.0,232.51642790769606,756762.62,840832.88,156883.72,7598200.0,933042.12,7012327.5,795.8309846589846,752.0997249898558,524.791028609881,2948.007297546931,190.06333871767382,1421.6029309809303
1779232472.852331,33.0,232.37952566385871,757343.38,840337.81,156436.02,7574066.5,930643.88,6990601.5,796.4417267734016,751.6568997629798,523.2934293464988,2938.6437990715885,189.57481039545158,1417.1984382816813
1779232472.980139,33.0,232.36651211103788,756894.69,840290.75,156342.08,7600752.0,931603.75,7016182.5,795.9698728590173,751.6148060082041,522.9791910735435,2948.9974418736588,189.7703386497762,1422.3844517098082
1779232473.107502,33.0,232.76094775355784,756940.31,841717.12,156880.33,7616124.0,933664.19,7031640.0,796.0178480213215,752.8906510783135,524.7796887360751,2954.961587089353,190.1900561493757,1425.518136967041
1779232473.237295,33.0,232.25888897839187,755387.69,839901.56,156791.47,7598673.5,932111.56,7014785.5,794.3850729994774,751.2666872572239,524.482443548351,2948.191009670248,189.8737809938734,1422.1012391395766
1779232473.364851,33.0,232.3084931242693,757094.19,840080.94,156683.98,7616570.5,934246.75,7029778.5,796.1796721768529,751.427137272771,524.1228792311275,2955.1348235477717,190.3087252814867,1425.1407567240303
1779232473.492973,33.0,232.01084059589616,757060.44,839004.56,156311.61,7569760.5,929560.56,6986567.5,796.1441798110536,750.4643477324946,522.8772660131118,2936.9731245140306,189.3541350243337,1416.380629041657
1779232473.619859,33.0,232.86668770952073,757331.5,842099.5,156747.47,7589182.5,932281.44,7006000.5,796.4292334606403,753.2326784890893,524.3352593455616,2944.5086194645396,189.90838603397742,1420.32026388583
1779232473.747209,33.0,232.4334685824467,756512.44,840532.88,156982.73,7584406.0,931956.75,7001062.5,795.5678889530391,751.8313840116854,525.1222265171123,2942.6553967464306,189.84224575571406,1419.3191875280609
1779232473.874630,33.0,232.42479103702559,757375.12,840501.5,156708.53,7609972.5,933752.19,7024702.0,796.4751053716377,751.8033155453688,524.2050013260929,2952.5748814365857,190.20798200014775,1424.111602384173
1779232474.002463,33.0,232.25888897839187,756068.69,839901.56,156365.78,7588691.0,931619.94,7004040.0,795.1012300693823,751.2666872572239,523.0584698373187,2944.317923564623,189.77363659891253,1419.922813460677
1779232474.129918,33.0,232.48687226542057,756269.25,840726.0,156491.88,7592995.0,931888.0,7009527.0,795.3121441104104,752.0041240440329,523.480286382131,2945.9878221470035,189.8282411847984,1421.0351881012355
1779232474.257460,33.0,232.03144216166643,756669.31,839079.06,156337.84,7599898.0,932906.56,7013877.5,795.7328574692741,750.5309857420735,522.9650078685474,2948.6661004727866,190.03572475937088,1421.9171611053819
1779232474.384994,33.0,232.20439576294635,756845.0,839704.5,156326.84,7590574.5,931131.44,7006341.5,795.9176175803043,751.090423013363,522.9282118178501,2945.048698188209,189.6741277568427,1420.3893945132093
1779232474.512707,33.0,232.43970712370543,756792.44,840555.44,156806.7,7623468.5,934125.38,7036908.0,795.8623441359663,751.8515632532437,524.5333893530892,2957.811161935611,190.28400186662074,1426.5861139319513
1779232474.639966,33.0,232.22555039088496,757340.38,839781.0,156613.75,7609462.5,933084.56,7023244.5,796.4385718964417,751.1588499627965,523.8879531729025,2952.3770077662757,190.07198386661435,1423.8161247026324
1779232474.767486,33.0,232.11466142613494,757132.94,839380.0,156541.81,7647353.0,935913.69,7059727.5,796.2204226709187,750.8001675219755,523.6473070013418,2967.0780515013316,190.64828570973617,1431.2122909157729
1779232474.894985,33.0,232.1892197370474,757575.69,839649.62,156332.77,7576065.5,931547.12,6991851.0,796.6860299289223,751.0413345037564,522.9480482342715,2939.4193862616858,189.75880295739867,1417.4517483078118
1779232475.022132,33.0,232.14421706841046,758336.12,839486.88,157115.61,7665178.5,937765.75,7076036.5,797.4857176244697,750.8957684677982,525.5667228095363,2973.9941242662526,191.0255556095189,1434.5186000123415
1779232475.149454,33.0,232.1672548730322,757832.81,839570.19,156481.72,7593830.0,931914.31,7010340.0,796.9564239169017,750.9702867574362,523.4463002116688,2946.311791783687,189.83360060677356,1421.2000068697382
1779232475.275919,33.0,232.36435240327054,757051.5,840282.94,156298.08,7589646.0,931490.5,7005418.5,796.134778277713,751.6078201980724,522.8320068707541,2944.6884517119684,189.74726930204966,1420.202275542326
1779232475.403600,33.0,232.18840950097078,757071.38,839646.69,156654.38,7608477.0,933862.44,7023836.0,796.1556845957009,751.0387137068695,524.0238644037964,2951.994645997471,190.23044023932525,1423.9360389727053
1779232475.530878,33.0,231.92326873216285,756435.0,838687.88,156245.61,7575001.0,929932.81,6991927.5,795.4864510624468,750.181086995938,522.6564897089277,2939.006373473362,189.42996341012795,1417.4672570849218
1779232475.657271,33.0,231.7408245840744,756319.88,838028.12,156242.22,7566314.5,929495.81,6983397.5,795.3653879172376,749.5909515167459,522.645149835122,2935.6361192828776,189.34094526481675,1415.7379777548754
1779232475.784227,33.0,232.18866667487907,758351.0,839647.62,156491.03,7603622.0,932447.38,7019079.0,797.501365814191,751.0395455639019,523.4774430509408,2950.110966253638,189.94218848485372,1422.9716565843075
1779232475.913320,33.0,231.92653456426686,758071.06,838699.69,156578.2,7606081.5,932324.94,7020861.5,797.2069737288031,750.1916506857785,523.7690350272397,2951.0652217283973,189.9172471079386,1423.333021227427
1779232476.040575,33.0,232.22662333149154,756724.94,839784.88,156726.31,7579625.0,931442.94,6995810.5,795.7913594043678,751.1623205061142,524.2644771244019,2940.8004280841724,189.73758119451875,1418.2544542289513
1779232476.168072,33.0,232.14584030587451,757432.75,839492.75,156737.31,7606917.5,933426.44,7023158.5,796.535710558038,750.9010190062711,524.3012731750993,2951.38957935267,190.14162579686374,1423.798689998953
1779232476.294961,33.0,232.11032265342442,757018.75,839364.31,156414.86,7593161.5,931362.0,7008680.0,796.1003375375672,750.7861332888172,523.2226471253392,2946.0524220805455,189.72109348586548,1420.8634765429063
1779232476.422476,33.0,231.92950727342162,757633.25,838710.44,156622.2,7596678.0,932316.88,7012430.0,796.7465615015269,750.2012662374964,523.9162192300291,2947.416780436712,189.91560526297016,1421.6237107149666
1779232476.550543,33.0,231.80995735511556,756853.0,838278.12,157157.08,7625859.0,934044.5,7039613.0,795.9260305855308,749.8145689985545,525.7054439206652,2958.73864626674,190.2675263801384,1427.1344961813975
1779232476.678953,33.0,232.1162874289098,757930.06,839385.88,156277.77,7619907.0,933856.31,7033922.0,797.0586945116862,750.8054270051476,522.7640679807847,2956.4293441379464,190.2291915408567,1425.9807648018789
1779232476.807173,33.0,232.2784010116905,756037.94,839972.12,156406.41,7588450.0,931234.56,7003861.0,795.068892580543,751.3298010552894,523.1943810682127,2944.224418555712,189.69513359470196,1419.8865249495304
1779232476.934687,33.0,231.98318748747968,757106.12,838904.56,156230.38,7580041.5,930923.06,6996553.5,796.192218070897,750.3749007397712,522.6055439041895,2940.9620249149257,189.63168015702593,1418.4050819595755
1779232477.062531,33.0,232.61780973377253,758080.0,841199.5,156452.09,7603982.5,931990.12,7019165.0,797.2163752621436,752.4276555545783,523.3471850314721,2950.250835779416,189.84904331980798,1422.9890912879869
1779232477.189988,33.0,232.79511869962803,757569.75,841840.69,156331.92,7587550.0,931209.31,7003501.5,796.6797832725416,753.0011807272217,522.9452049030813,2943.8752297257533,189.68999009774748,1419.813643833569
1779232477.317474,33.0,232.36841187958612,756665.38,840297.62,156590.05,7579921.0,930230.19,6996477.0,795.7287245804566,751.6209510166043,523.8086744091272,2940.9152724104697,189.49054056356647,1418.3895731824655
1779232477.445793,33.0,232.38928997644052,757938.0,840373.12,156400.47,7595973.5,931714.0,7010811.0,797.0670444193735,751.6884834961104,523.174511200836,2947.1434431803723,189.79279688895366,1421.295492281749
1779232477.572261,33.0,232.44810537273153,755205.06,840585.81,156243.91,7579838.0,930759.19,6996896.0,794.1930146064133,751.8787283049339,522.6508030465473,2940.883069440596,189.59829937104843,1418.4745166806238
1779232477.700398,33.0,232.47250924090906,756251.38,840674.06,155809.75,7576363.5,929464.5,6992414.5,795.2933515599858,751.9576652760124,521.198496376478,2939.535006563161,189.33456732859318,1417.5659861627335
1779232477.827905,33.0,232.42886987051702,757182.56,840516.25,156557.89,7601318.0,931898.12,7017715.5,796.2726043358361,751.8165089767955,523.7010961372704,2949.2170428489435,189.8303026576372,1422.6952354393466
1779232477.955048,33.0,232.57363389307724,757551.88,841039.75,156453.8,7599917.0,932804.38,7014674.5,796.6609907221169,752.2847639837026,523.3529051448078,2948.6734722369747,190.01491040219034,1422.0787362080837
1779232478.082461,33.0,232.32340921094917,756294.06,840134.88,156914.19,7595128.5,932667.88,7009990.0,795.3382349428691,751.4753849806461,524.8929536703126,2946.8155936678,189.98710496320868,1421.1290516803458
1779232478.210362,33.0,231.81619866168512,757378.12,838300.69,156488.5,7581552.0,931302.38,6997495.0,796.4782602485976,749.8347571848121,523.4689799592804,2941.5480801678727,189.7089487219674,1418.5959514190408
1779232478.338033,33.0,232.3673251124253,757778.19,840293.69,157117.3,7657484.5,937554.31,7069312.0,796.8989841237177,751.6174357497902,525.5723760209615,2971.0089477576944,190.98248467898208,1433.1553480950029
1779232478.466006,33.0,232.35377508930125,756679.25,840244.69,156866.8,7598366.5,932868.12,7013518.0,795.743310628268,751.5736067233556,524.7344295937173,2948.0718974804736,190.02789442182907,1421.8442799894203
1779232478.592566,33.0,232.31094595498587,757819.88,840089.81,156636.59,7628844.0,934312.5,7041450.5,796.9428263972044,751.4350712210257,523.9643551545322,2959.8967892194364,190.32211874385328,1427.5070109257072
1779232478.718740,33.0,232.74876379398955,758233.88,841673.06,156491.03,7612602.5,934042.44,7028191.5,797.3781994176752,752.8512407333195,523.4774430509408,2953.5952887952426,190.26710675226806,1424.8190256224143
1779232478.846271,33.0,232.40175323240382,757112.06,840418.19,156031.48,7619507.5,934750.5,7032961.5,796.1984647272777,751.7287972557308,521.9402044056711,2956.2743430962037,190.41134059201417,1425.786043489275
1779232478.973431,33.0,232.1162874289098,756574.0,839385.88,156496.95,7611478.5,932319.88,7026090.5,795.632627028257,750.8054270051476,523.4972460164071,2953.159190745383,189.91621637151923,1424.393091756948
1779232479.100453,33.0,232.45381020899785,757773.25,840606.44,156817.7,7620809.0,933789.56,7034703.0,796.8937890929905,751.8971812195327,524.5701854037866,2956.779308943083,190.2155943756404,1426.1390962387798
1779232479.228241,33.0,232.14882960689434,757421.81,839503.56,156986.97,7649645.0,935826.69,7062317.0,796.5242057733908,750.9106882261846,525.1364097221084,2967.9673190549597,190.63056356181383,1431.7372579527198
1779232479.355184,33.0,232.29115739060302,756173.94,840018.25,156082.27,7594376.5,932559.62,7009347.0,795.2119136693933,751.3710629530328,522.1101018070273,2946.52382700099,189.96505209270208,1420.9986968609767
1779232479.484585,33.0,232.0341576969129,755520.75,839088.88,155832.61,7586957.0,931986.12,7002944.5,794.525002308907,750.539769436759,521.2749652600181,2943.6451530855693,189.84822850840922,1419.7007237178789
1779232479.611317,33.0,232.03930670570006,757681.88,839107.5,156711.08,7605515.5,932977.38,7019592.0,796.7977020570474,750.5564244668041,524.2135313196636,2950.845620753112,190.05015099518536,1423.0756566190455
1779232479.739056,33.0,231.81863490053664,755827.5,838309.5,156311.61,7577503.5,931432.81,6993767.0,794.8475884780602,749.842637464871,522.8772660131118,2939.9773124144417,189.73551768465148,1417.8401772874565
1779232479.866481,33.0,231.59253755550193,755518.75,837491.88,156189.75,7594803.0,932198.5,7010177.5,794.5228990576004,749.1113009629657,522.4696326732956,2946.6893037076316,189.89149091962477,1421.167063388949
1779232479.994040,33.0,232.11250171836758,755382.75,839372.19,156231.22,7587225.5,931716.06,7003706.0,794.3798779687501,750.7931817118437,522.6083537844246,2943.7493277531735,189.79321651682403,1419.8551019370852
1779232480.123293,33.0,232.17105717543944,756106.44,839583.94,156807.55,7595165.5,931985.12,7010564.0,795.1409289377948,750.9825857189355,524.5362326842794,2946.829949208587,189.84802480555956,1421.2454181909493
1779232480.250706,33.0,232.18975620735068,756493.62,839651.56,156694.14,7610773.0,932549.5,7024933.5,795.5480973582438,751.0430697754152,524.1568654015898,2952.8854655014543,189.9629906198633,1424.1585341737282
1779232480.378243,33.0,232.26350428218655,756697.12,839918.25,156289.61,7572260.5,929983.38,6988389.0,795.7621031786927,751.2816159603093,522.803673911717,2937.943093486138,189.44026466323638,1416.7499001201659
1779232480.505981,33.0,231.86607657333596,757363.25,838481.06,156493.58,7633487.5,934531.0,7045392.5,796.4626225751329,749.9960927255875,523.4859730445115,2961.698409588229,190.3666278165089,1428.306169087377
1779232480.633406,33.0,232.0734582945944,755531.62,839231.0,156131.34,7589822.0,931259.88,7005614.5,794.5364334797584,750.6668915028175,522.2742456440926,2944.7567375276044,189.7002913508559,1420.2420104483858
1779232480.760527,33.0,232.07210882290366,756522.38,839226.12,156231.22,7596446.0,932837.75,7011770.5,795.578342112033,750.6625264895727,522.6083537844246,2947.3267673161004,190.02170796628423,1421.4900108652403
1779232480.888949,33.0,232.55546856615848,757366.19,840974.06,157297.56,7618047.5,933935.25,7031648.5,796.4657143545536,752.2260062541827,526.1753629390256,2955.7078812164928,190.24527184381063,1425.5198601644977
1779232481.016130,33.0,232.28517602325255,757760.31,839996.62,156956.5,7636839.0,934485.5,7049240.5,796.8801810570367,751.3517155685067,525.0344846616767,2962.9987499922363,190.35735933684833,1429.0862707124672
1779232481.142995,33.0,232.33073728467951,756914.5,840161.38,156333.62,7617090.0,933113.94,7030798.5,795.9907055632094,751.4990884337178,522.9508915654617,2955.3363831001757,190.077968656338,1425.3475404188307
1779232481.270797,33.0,232.02900592281492,756767.62,839070.25,156339.55,7590703.0,931690.75,7006968.5,795.8362427872511,750.5231054620147,522.9707279818831,2945.0985545933754,189.78806079769856,1420.516505666778
1779232481.398308,33.0,232.25183743574567,757064.44,839876.06,157004.73,7629802.5,934887.06,7042497.5,796.148386313667,751.2438782740794,525.195818618507,2960.2686753233424,190.4391582531668,1427.7192683065464
1779232481.525530,33.0,232.32558551058153,756204.69,840142.75,157042.83,7609890.0,932779.12,7024633.0,795.2442511582326,751.4824244589735,525.3232667577405,2952.542872460506,190.00976486820736,1424.0976140754071
1779232481.653390,33.0,231.8999516311461,757614.38,838603.56,156832.09,7645452.5,935852.0,7057458.0,796.7267173254489,750.1056652916736,524.6183213282897,2966.3406810887354,190.6357192809393,1430.752197194842
1779232481.780482,33.0,231.98481349025457,756352.62,838910.44,156616.28,7607633.0,933147.31,7021281.0,795.399818141127,750.3801602229432,523.8964162645628,2951.6671844724874,190.0847662204319,1423.4180660901416
1779232481.908027,33.0,232.03496793298953,756184.88,839091.81,156427.56,7574890.5,931295.25,6991312.0,795.2234184540406,750.5423902336458,523.2651298384171,2938.9635008447954,189.70749632064917,1417.3424773161478
1779232482.035855,33.0,232.42397803563819,756584.94,840498.56,156747.47,7611069.0,932839.81,7025165.0,795.6441318129042,751.8006858037828,524.3352593455616,2953.000309827752,190.02212759415457,1424.2054659632834
1779232482.161874,33.0,231.70124745530873,756803.31,837885.0,157039.44,7629961.0,934214.44,7042661.0,795.8737753068178,749.4629349807601,525.3119268839347,2960.330171356174,190.30214364241343,1427.7524145164482
1779232482.289276,33.0,232.54651725496402,756541.25,840941.69,156867.64,7593504.5,931836.44,7008465.0,795.598186288111,752.1970522626381,524.7372394739525,2946.1855018235187,189.81773826586877,1420.819889783708
1779232482.417076,33.0,232.44865843489987,756938.38,840587.81,156679.77,7577614.0,930561.94,6993373.0,796.0158183838106,751.8805172447884,524.1087963789969,2940.020185043009,189.5581189839486,1417.760302017112
1779232482.543952,33.0,232.19274827368133,757498.25,839662.38,156723.77,7597466.5,931896.06,7011634.0,796.6045920383299,751.0527479400279,524.2559805817863,2947.722708650515,189.82988302976685,1421.462338341377
1779232482.671274,33.0,232.02439061902024,756240.44,839053.56,156221.91,7596937.5,932731.56,7011121.0,795.2818467753385,750.5081767589292,522.5772109451526,2947.517463216017,190.00007676067648,1421.3583383066393
1779232482.798551,33.0,231.78012794706672,755914.81,838170.25,156267.61,7584824.5,931108.12,7000968.0,794.9394059138509,749.7180825275037,522.7300818103224,2942.8177695523614,189.66937740638812,1419.300029626925
1779232482.926725,33.0,232.14990254750086,754611.38,839507.44,156965.81,7580319.5,931193.12,6996332.0,793.5686854885554,750.9141587695021,525.0656275009487,2941.069885464624,189.68669214861112,1418.360177461146
1779232483.054932,33.0,231.74922559841133,756183.88,838058.5,156254.06,7568481.0,930477.0,6984952.0,795.2223668283873,749.6181255131353,522.6847557660543,2936.476694394106,189.5408164638966,1416.0531201603335
1779232483.182232,33.0,231.97857494899583,756050.81,838887.88,156420.78,7577911.0,931226.5,6994149.5,795.0824270027011,750.3599809813849,523.2424500908054,2940.1354173568952,189.6934917497335,1417.9177211730068
1779232483.309772,33.0,231.83543416389966,756235.5,838370.25,156221.06,7573334.0,929241.94,6989927.0,795.2766517446112,749.8969765129506,522.5743676139623,2938.359598162761,189.28923122236787,1417.0616974952668
1779232483.437446,33.0,232.0889108515775,756356.62,839286.88,156456.33,7591056.0,931518.81,7006239.5,795.4040246437402,750.7168744823514,523.3613682364681,2945.235514212237,189.7530361297242,1420.3687161437292
1779232483.564484,33.0,231.96963746435563,757298.69,838855.56,156665.38,7597699.5,931379.25,7012883.5,796.3947296229551,750.3310717133368,524.0606604544938,2947.813109758715,189.7246073600225,1421.7156483675076
1779232483.690948,33.0,232.34563401418345,756861.88,840215.25,156780.47,7627550.5,933803.75,7040429.0,795.9353690213322,751.5472735286979,524.4456474976536,2959.394927273268,190.21848491907738,1427.2999231372378
1779232483.819515,33.0,232.53593994099475,757092.25,840903.44,156743.23,7611348.0,933992.88,7024950.5,796.1776320230855,752.1628387879213,524.3210761405655,2953.1085583650392,190.2570112390378,1424.1619805686416
1779232483.946964,33.0,232.71921091702487,757101.12,841566.19,156841.41,7622724.0,934509.75,7036702.5,796.1869599426304,752.7556487321959,524.6494976185169,2957.522305175717,190.36229913095315,1426.5444530993225
1779232484.074394,33.0,232.03522787220865,757486.31,839092.75,156386.94,7608171.0,933592.38,7022018.5,796.5920356280294,750.5432310353774,523.1292520584783,2951.8759217952847,190.17542824774003,1423.5675788106466
1779232484.202505,33.0,232.53920577309873,756994.94,840915.25,156480.88,7621813.5,933733.94,7035622.0,796.0752983307617,752.173402477762,523.4434903314337,2957.1690424760754,190.20426442314104,1426.3254042932128
1779232484.330375,33.0,232.19381844897708,755565.38,839666.25,156229.52,7582719.0,933212.0,7019661.0,794.5719363618143,751.0562095386463,522.6026671220441,2942.000861684053,190.09794375777784,1423.0896449278114
1779232484.457735,33.0,232.06749628441978,756912.56,839209.44,156630.67,7590416.0,931657.38,7006154.5,795.9886654094421,750.6476067311863,523.944552189066,2944.9872021553774,189.78126323360465,1420.3514841691626
1779232484.585133,33.0,232.26756652381292,755044.19,839932.94,156357.31,7579847.0,930955.44,6996434.0,794.023839587565,751.2947557235403,523.0301368782817,2940.8865613288954,189.6382760552986,1418.380855830626
1779232484.712547,33.0,232.00188928470172,756698.12,838972.19,156077.19,7603899.0,933159.44,7019148.0,795.763154804346,750.43539374095,522.0931087217962,2950.2184388157475,190.08723713599852,1422.9856448930736
1779232484.840975,33.0,232.2930405672862,757162.69,840025.06,156259.98,7604438.0,933844.19,7020107.5,796.2517085341048,751.3771542932373,522.7045587315206,2950.427564126134,190.22672266231854,1423.1801634765648
1779232484.967603,33.0,232.1387887632283,757171.62,839467.25,156740.69,7618308.5,933908.94,7032901.0,796.2610995511889,750.8782100231266,524.3125795979499,2955.809145977181,190.23991242183547,1425.7737783779658
1779232485.095341,33.0,231.83083545197,756572.0,838353.62,156452.09,7596761.0,931982.06,7011531.5,795.6305237769504,749.8821014780607,523.3471850314721,2947.448983406586,189.84740147483953,1421.4415586073408
1779232485.222087,33.0,232.74767426151794,756908.56,841669.12,156371.7,7594701.0,931159.75,7010169.0,795.9844589068289,752.8477165218062,523.0782728027849,2946.6497289735694,189.67989458451723,1421.1653401914923
1779232485.350062,33.0,232.25563973815292,756080.62,839889.81,156373.39,7594887.5,932352.25,7010802.5,795.1137759634263,751.2561772355789,523.0839260142103,2946.722088658889,189.92281023276342,1421.2937690842923
